<STREME version="5.3.3" release="Sun Feb 7 15:39:52 2021 -0800">
  <model>
    <command_line>streme -verbosity 1 -oc streme_out -dna -p ./seqs-centered -minw 6 -maxw 20 -time 5126 -kmer 3 -pvt 0.05 -totallength 4000000</command_line>
    <train_positives count="4997" positions="504696" file="./seqs-centered"/>
    <train_negatives count="4997" positions="504696" from="shuffled"/>
    <test_positives count="555" positions="56054"/>
    <test_negatives count="555" positions="56054"/>
    <sequence_db/>
    <alphabet name="DNA" like="dna">
      <letter id="A" symbol="A" complement="T" name="Adenine" colour="CC0000"/>
      <letter id="C" symbol="C" complement="G" name="Cytosine" colour="0000CC"/>
      <letter id="G" symbol="G" complement="C" name="Guanine" colour="FFB300"/>
      <letter id="T" symbol="T" aliases="U" complement="A" name="Thymine" colour="008000"/>
      <letter id="N" symbol="N" aliases="X." equals="ACGT" name="Any base"/>
      <letter id="V" symbol="V" equals="ACG" name="Not T"/>
      <letter id="H" symbol="H" equals="ACT" name="Not G"/>
      <letter id="D" symbol="D" equals="AGT" name="Not C"/>
      <letter id="B" symbol="B" equals="CGT" name="Not A"/>
      <letter id="M" symbol="M" equals="AC" name="Amino"/>
      <letter id="R" symbol="R" equals="AG" name="Purine"/>
      <letter id="W" symbol="W" equals="AT" name="Weak"/>
      <letter id="S" symbol="S" equals="CG" name="Strong"/>
      <letter id="Y" symbol="Y" equals="CT" name="Pyrimidine"/>
      <letter id="K" symbol="K" equals="GT" name="Keto"/>
    </alphabet>
    <strands>both</strands>
    <background A="0.223" C="0.277" G="0.277" T="0.223" from="dataset"/>
    <stop pvt="0.05" time="5126"/>
    <objfun>Differential Enrichment</objfun>
    <test>Fisher Exact Test</test>
    <minw>6</minw>
    <maxw>20</maxw>
    <kmer>3</kmer>
    <hofract>0.1</hofract>
    <neval>25</neval>
    <nref>4</nref>
    <niter>20</niter>
    <patience>3</patience>
    <seed>0</seed>
    <useer>no</useer>
    <minscore>0</minscore>
    <ignore_depth>5</ignore_depth>
    <nsubsets>1</nsubsets>
    <min_pal_ratio>0.85</min_pal_ratio>
    <max_pal_ed>5</max_pal_ed>
    <cand>no</cand>
    <experimental>no</experimental>
    <totallength>4000000</totallength>
    <host>noble-meme.grid.gs.washington.edu</host>
  </model>
  <motifs>
    <motif id="1-SATTTCCNGGAAATS" alt="STREME-1" width="15" initial_width="10" seed="TTCTGGGAAATGTGT" score_threshold="9.1497" train_pos_count="1104" train_neg_count="83" train_log_pvalue="-253.718" train_pvalue="1.9e-254" train_dtc="-1.0" train_bernoulli="-1" test_pos_count="124" test_neg_count="19" test_log_pvalue="-22.1164" test_pvalue="7.6e-023" test_dtc="-1.0" test_bernoulli="-1" is_palindromic="yes" elapsed_time="16.0">
      <pos A="0.178558" C="0.409861" G="0.323761" T="0.0878192"/>
      <pos A="0.452235" C="0.173599" G="0.220443" T="0.153723"/>
      <pos A="0.142437" C="0.227675" G="0.145744" T="0.484143"/>
      <pos A="0.000869601" C="0.0122493" G="3.36305e-05" T="0.986847"/>
      <pos A="0.014349" C="0.00677338" G="0.0290986" T="0.949779"/>
      <pos A="0.070795" C="0.916929" G="0.00593086" T="0.0063456"/>
      <pos A="0.0333292" C="0.744257" G="0.00256101" T="0.219853"/>
      <pos A="0.263699" C="0.236301" G="0.236301" T="0.263699"/>
      <pos A="0.219853" C="0.00256101" G="0.744257" T="0.0333292"/>
      <pos A="0.0063456" C="0.00593086" G="0.916929" T="0.070795"/>
      <pos A="0.949779" C="0.0290986" G="0.00677338" T="0.014349"/>
      <pos A="0.986847" C="3.36305e-05" G="0.0122493" T="0.000869601"/>
      <pos A="0.484143" C="0.145744" G="0.227675" T="0.142437"/>
      <pos A="0.153723" C="0.220443" G="0.173599" T="0.452235"/>
      <pos A="0.0878192" C="0.323761" G="0.409861" T="0.178558"/>
    </motif>
    <motif id="2-CCACCAGRKGGCRS" alt="STREME-2" width="14" initial_width="12" seed="CCACCAGGGGGCGA" score_threshold="10.7941" train_pos_count="587" train_neg_count="49" train_log_pvalue="-124.366" train_pvalue="4.3e-125" train_dtc="-1.0" train_bernoulli="-1" test_pos_count="57" test_neg_count="3" test_log_pvalue="-14.0978" test_pvalue="8.0e-015" test_dtc="-1.0" test_bernoulli="-1" is_palindromic="no" elapsed_time="50.4">
      <pos A="0.0676135" C="0.839734" G="0.0527554" T="0.0398971"/>
      <pos A="5.58034e-05" C="0.994623" G="0.00180134" T="0.0035202"/>
      <pos A="0.794972" C="0.00526574" G="0.14875" T="0.0510116"/>
      <pos A="0.0250259" C="0.644221" G="0.313375" T="0.0173783"/>
      <pos A="0.0901324" C="0.571524" G="0.0586715" T="0.279672"/>
      <pos A="0.9565" C="0.00180134" G="0.0295171" T="0.0121813"/>
      <pos A="5.58034e-05" C="6.91482e-05" G="0.998087" T="0.001788"/>
      <pos A="0.438048" C="6.91482e-05" G="0.561827" T="5.58034e-05"/>
      <pos A="0.0232935" C="0.00353354" G="0.602401" T="0.370772"/>
      <pos A="0.0035202" C="0.00180134" G="0.994623" T="5.58034e-05"/>
      <pos A="0.00698459" C="0.0191236" G="0.937459" T="0.0364329"/>
      <pos A="0.0790606" C="0.823808" G="0.0156592" T="0.0814725"/>
      <pos A="0.392633" C="0.00353354" G="0.581258" T="0.0225751"/>
      <pos A="0.0693448" C="0.553454" G="0.33312" T="0.0440808"/>
    </motif>
    <motif id="3-TATATGGTCTAAAARGGGG" alt="STREME-3" width="19" initial_width="20" seed="TATATGGTCTAAAAAGGGG" score_threshold="12.5412" train_pos_count="185" train_neg_count="1" train_log_pvalue="-54.4653" train_pvalue="3.4e-055" train_dtc="-1.0" train_bernoulli="-1" test_pos_count="20" test_neg_count="0" test_log_pvalue="-6.09627" test_pvalue="8.0e-007" test_dtc="-1.0" test_bernoulli="-1" is_palindromic="no" elapsed_time="37.9">
      <pos A="0.0112789" C="0.033522" G="0.000221555" T="0.954978"/>
      <pos A="0.893927" C="0.039072" G="0.0557222" T="0.0112789"/>
      <pos A="0.000178798" C="0.039072" G="0.0113217" T="0.949427"/>
      <pos A="0.882827" C="0.000221555" G="0.0779225" T="0.0390293"/>
      <pos A="0.016829" C="0.0335228" G="0.033522" T="0.916126"/>
      <pos A="0.127835" C="0.00577162" G="0.844014" T="0.0223791"/>
      <pos A="0.0334792" C="0.0779386" G="0.877303" T="0.0112789"/>
      <pos A="0.000178798" C="0.0612731" G="0.000221555" T="0.938327"/>
      <pos A="0.094546" C="0.855103" G="0.0224218" T="0.0279291"/>
      <pos A="0.094546" C="0.033522" G="0.00577162" T="0.86616"/>
      <pos A="0.893925" C="0.000221555" G="0.100124" T="0.00572887"/>
      <pos A="0.87171" C="0.0668384" G="0.0390728" T="0.0223791"/>
      <pos A="0.943877" C="0.0113217" G="0.0446221" T="0.000178798"/>
      <pos A="0.949427" C="0.00577162" G="0.0446229" T="0.000178798"/>
      <pos A="0.555337" C="0.0279719" G="0.388762" T="0.0279291"/>
      <pos A="0.105631" C="0.0168718" G="0.821817" T="0.0556803"/>
      <pos A="0.111185" C="0.00577162" G="0.871764" T="0.0112789"/>
      <pos A="0.0778798" C="0.0168718" G="0.89952" T="0.00572887"/>
      <pos A="0.155582" C="0.0113217" G="0.766301" T="0.0667957"/>
    </motif>
    <motif id="4-AGATAAGVV" alt="STREME-4" width="9" initial_width="8" seed="AGATAAGAC" score_threshold="11.1621" train_pos_count="596" train_neg_count="159" train_log_pvalue="-64.2977" train_pvalue="5.0e-065" train_dtc="-1.0" train_bernoulli="-1" test_pos_count="53" test_neg_count="16" test_log_pvalue="-5.62554" test_pvalue="2.4e-006" test_dtc="-1.0" test_bernoulli="-1" is_palindromic="no" elapsed_time="26.7">
      <pos A="0.601048" C="0.111406" G="0.000116582" T="0.28743"/>
      <pos A="9.40832e-05" C="0.000116582" G="0.999695" T="9.40832e-05"/>
      <pos A="0.999673" C="0.000116582" G="0.000116582" T="9.40832e-05"/>
      <pos A="9.40832e-05" C="0.000116582" G="0.000116582" T="0.999673"/>
      <pos A="0.999673" C="0.000116582" G="0.000116582" T="9.40832e-05"/>
      <pos A="0.999673" C="0.000116582" G="0.000116582" T="9.40832e-05"/>
      <pos A="9.40832e-05" C="0.178579" G="0.724083" T="0.0972434"/>
      <pos A="0.399075" C="0.228874" G="0.321456" T="0.0505947"/>
      <pos A="0.389628" C="0.293663" G="0.198597" T="0.118113"/>
    </motif>
    <motif id="5-ATGAMTCAKC" alt="STREME-5" width="10" initial_width="9" seed="ATGACTCAGC" score_threshold="11.3904" train_pos_count="267" train_neg_count="33" train_log_pvalue="-47.4622" train_pvalue="3.4e-048" train_dtc="-1.0" train_bernoulli="-1" test_pos_count="29" test_neg_count="4" test_log_pvalue="-5.38472" test_pvalue="4.1e-006" test_dtc="-1.0" test_bernoulli="-1" is_palindromic="no" elapsed_time="60.0">
      <pos A="0.665756" C="0.000168142" G="0.329728" T="0.00434772"/>
      <pos A="0.000135692" C="0.000168142" G="0.000168142" T="0.999528"/>
      <pos A="0.000135692" C="0.000168142" G="0.98903" T="0.0106658"/>
      <pos A="0.991103" C="0.000168142" G="0.000168142" T="0.00856036"/>
      <pos A="0.309255" C="0.556707" G="0.115305" T="0.018733"/>
      <pos A="0.0211995" C="0.022938" G="0.00438017" T="0.951482"/>
      <pos A="0.299471" C="0.698119" G="0.000168142" T="0.00224171"/>
      <pos A="0.999528" C="0.000168142" G="0.000168142" T="0.000135692"/>
      <pos A="0.0355829" C="0.0340304" G="0.506393" T="0.423994"/>
      <pos A="0.104722" C="0.751643" G="0.100682" T="0.0429529"/>
    </motif>
    <motif id="6-CCCCGCCCCC" alt="STREME-6" width="10" initial_width="9" seed="CCCCGCCCCC" score_threshold="9.86364" train_pos_count="466" train_neg_count="165" train_log_pvalue="-35.8397" train_pvalue="1.4e-036" train_dtc="-1.0" train_bernoulli="-1" test_pos_count="56" test_neg_count="20" test_log_pvalue="-4.93205" test_pvalue="1.2e-005" test_dtc="-1.0" test_bernoulli="-1" is_palindromic="no" elapsed_time="82.3">
      <pos A="0.000142613" C="0.940559" G="0.000176718" T="0.0591213"/>
      <pos A="0.0260538" C="0.973627" G="0.000176718" T="0.000142613"/>
      <pos A="0.000142613" C="0.999538" G="0.000176718" T="0.000142613"/>
      <pos A="0.000142613" C="0.999538" G="0.000176718" T="0.000142613"/>
      <pos A="0.265963" C="0.000176718" G="0.583794" T="0.150066"/>
      <pos A="0.0558665" C="0.943814" G="0.000176718" T="0.000142613"/>
      <pos A="0.000142613" C="0.999538" G="0.000176718" T="0.000142613"/>
      <pos A="0.0238643" C="0.89056" G="0.000176718" T="0.0853992"/>
      <pos A="0.263943" C="0.622209" G="0.000176718" T="0.113671"/>
      <pos A="0.0907533" C="0.514022" G="0.187743" T="0.207482"/>
    </motif>
    <motif id="7-ACTACAWYTCCCAGVA" alt="STREME-7" width="16" initial_width="13" seed="ACTACAACTCCCATAA" score_threshold="15.0393" train_pos_count="139" train_neg_count="1" train_log_pvalue="-40.4116" train_pvalue="3.9e-041" train_dtc="-1.0" train_bernoulli="-1" test_pos_count="14" test_neg_count="0" test_log_pvalue="-4.25046" test_pvalue="5.6e-005" test_dtc="-1.0" test_bernoulli="-1" is_palindromic="no" elapsed_time="71.6">
      <pos A="0.992008" C="0.00747342" G="0.000286882" T="0.000231517"/>
      <pos A="0.00741805" C="0.97769" G="0.000286882" T="0.0146046"/>
      <pos A="0.000231517" C="0.0362196" G="0.000286882" T="0.963262"/>
      <pos A="0.927328" C="0.000286882" G="0.0218475" T="0.0505373"/>
      <pos A="0.000231517" C="0.984877" G="0.000286882" T="0.0146046"/>
      <pos A="0.812344" C="0.0505926" G="0.122459" T="0.0146046"/>
      <pos A="0.567992" C="0.0865253" G="0.0434061" T="0.302076"/>
      <pos A="0.0864699" C="0.417129" G="0.158392" T="0.338009"/>
      <pos A="0.0649114" C="0.0505937" G="0.01466" T="0.869835"/>
      <pos A="0.000231517" C="0.97769" G="0.00747342" T="0.0146046"/>
      <pos A="0.000231517" C="0.99925" G="0.000286882" T="0.000231517"/>
      <pos A="0.000231517" C="0.95613" G="0.000286882" T="0.0433518"/>
      <pos A="0.826718" C="0.000286882" G="0.158391" T="0.0146046"/>
      <pos A="0.129589" C="0.0865284" G="0.639919" T="0.143963"/>
      <pos A="0.373949" C="0.373999" G="0.201514" T="0.0505383"/>
      <pos A="0.704537" C="0.0362227" G="0.244635" T="0.0146046"/>
    </motif>
    <motif id="8-GCGCMKGCGC" alt="STREME-8" width="10" initial_width="9" seed="CGCCTGCGCA" score_threshold="14.0538" train_pos_count="72" train_neg_count="6" train_log_pvalue="-15.1282" train_pvalue="7.4e-016" train_dtc="-1.0" train_bernoulli="-1" test_pos_count="14" test_neg_count="1" test_log_pvalue="-3.34255" test_pvalue="4.5e-004" test_dtc="-1.0" test_bernoulli="-1" is_palindromic="yes" elapsed_time="139.6">
      <pos A="0.0918778" C="0.0159802" G="0.697995" T="0.194147"/>
      <pos A="0.00291709" C="0.943637" G="0.0289115" T="0.0245341"/>
      <pos A="0.0186408" C="0.0214384" G="0.954788" T="0.00513297"/>
      <pos A="0.0641857" C="0.891001" G="0.00781366" T="0.0369992"/>
      <pos A="0.524835" C="0.314855" G="0.155177" T="0.00513297"/>
      <pos A="0.00513297" C="0.155177" G="0.314855" T="0.524835"/>
      <pos A="0.0369992" C="0.00781366" G="0.891001" T="0.0641857"/>
      <pos A="0.00513297" C="0.954788" G="0.0214384" T="0.0186408"/>
      <pos A="0.0245341" C="0.0289115" G="0.943637" T="0.00291709"/>
      <pos A="0.194147" C="0.697995" G="0.0159802" T="0.0918778"/>
    </motif>
    <motif id="9-CACTTCCGG" alt="STREME-9" width="9" initial_width="9" seed="CACTTCCGG" score_threshold="11.4077" train_pos_count="226" train_neg_count="62" train_log_pvalue="-23.255" train_pvalue="5.6e-024" train_dtc="-1.0" train_bernoulli="-1" test_pos_count="23" test_neg_count="6" test_log_pvalue="-2.99278" test_pvalue="1.0e-003" test_dtc="-1.0" test_bernoulli="-1" is_palindromic="no" elapsed_time="102.6">
      <pos A="0.0606349" C="0.614461" G="0.0590154" T="0.265889"/>
      <pos A="0.87383" C="0.000377362" G="0.125488" T="0.000304536"/>
      <pos A="0.000304536" C="0.940164" G="0.000377362" T="0.0591545"/>
      <pos A="0.0743763" C="0.000377362" G="0.0145577" T="0.910689"/>
      <pos A="0.000304536" C="0.000377362" G="0.000377362" T="0.998941"/>
      <pos A="0.0200921" C="0.979226" G="0.000377362" T="0.000304536"/>
      <pos A="0.000304536" C="0.999014" G="0.000377362" T="0.000304536"/>
      <pos A="0.000304536" C="0.0626127" G="0.936778" T="0.000304536"/>
      <pos A="0.000304536" C="0.101446" G="0.847007" T="0.0512431"/>
    </motif>
    <motif id="10-GTAACTTCCKGAYRTTG" alt="STREME-10" width="17" initial_width="12" seed="GTAACTTCCTGATGTTG" score_threshold="11.3968" train_pos_count="114" train_neg_count="0" train_log_pvalue="-34.6005" train_pvalue="2.5e-035" train_dtc="-1.0" train_bernoulli="-1" test_pos_count="12" test_neg_count="1" test_log_pvalue="-2.78931" test_pvalue="1.6e-003" test_dtc="-1.0" test_bernoulli="-1" is_palindromic="no" elapsed_time="92.7">
      <pos A="0.0605393" C="0.000343653" G="0.930231" T="0.00888601"/>
      <pos A="0.000277332" C="0.0606056" G="0.043387" T="0.89573"/>
      <pos A="0.90434" C="0.00895233" G="0.0606044" T="0.0261034"/>
      <pos A="0.990427" C="0.000343653" G="0.00895233" T="0.000277332"/>
      <pos A="0.00888601" C="0.895795" G="0.000343653" T="0.0949752"/>
      <pos A="0.00888601" C="0.000343653" G="0.000343653" T="0.990427"/>
      <pos A="0.00888601" C="0.00895233" G="0.000343653" T="0.981818"/>
      <pos A="0.0174947" C="0.852754" G="0.0261697" T="0.103581"/>
      <pos A="0.0261034" C="0.723615" G="0.000343653" T="0.249938"/>
      <pos A="0.0863653" C="0.0347784" G="0.29305" T="0.585807"/>
      <pos A="0.034712" C="0.0606044" G="0.86997" T="0.0347133"/>
      <pos A="0.861295" C="0.000343653" G="0.112258" T="0.0261034"/>
      <pos A="0.034712" C="0.48253" G="0.043387" T="0.439371"/>
      <pos A="0.370542" C="0.000343653" G="0.568576" T="0.0605381"/>
      <pos A="0.000277332" C="0.043387" G="0.0347784" T="0.921557"/>
      <pos A="0.0174947" C="0.0519957" G="0.043387" T="0.887123"/>
      <pos A="0.0433207" C="0.0347784" G="0.895798" T="0.0261034"/>
    </motif>
    <motif id="11-AGGRWYCCT" alt="STREME-11" width="9" initial_width="9" seed="AGGAACCCT" score_threshold="10.1512" train_pos_count="114" train_neg_count="32" train_log_pvalue="-11.7145" train_pvalue="1.9e-012" train_dtc="-1.0" train_bernoulli="-1" test_pos_count="13" test_neg_count="2" test_log_pvalue="-2.45502" test_pvalue="3.5e-003" test_dtc="-1.0" test_bernoulli="-1" is_palindromic="yes" elapsed_time="130.4">
      <pos A="0.929391" C="0.0251545" G="0.0251545" T="0.0203"/>
      <pos A="0.0203" C="0.0251545" G="0.934245" T="0.0203"/>
      <pos A="0.0203" C="0.0251545" G="0.934245" T="0.0203"/>
      <pos A="0.474845" C="0.0251545" G="0.4797" T="0.0203"/>
      <pos A="0.474845" C="0.0251545" G="0.0251545" T="0.474845"/>
      <pos A="0.0203" C="0.4797" G="0.0251545" T="0.474845"/>
      <pos A="0.0203" C="0.934245" G="0.0251545" T="0.0203"/>
      <pos A="0.0203" C="0.934245" G="0.0251545" T="0.0203"/>
      <pos A="0.0203" C="0.0251545" G="0.0251545" T="0.929391"/>
    </motif>
    <motif id="12-TCACGTGA" alt="STREME-12" width="8" initial_width="8" seed="TCACGTGA" score_threshold="10.6052" train_pos_count="175" train_neg_count="47" train_log_pvalue="-18.4726" train_pvalue="3.4e-019" train_dtc="-1.0" train_bernoulli="-1" test_pos_count="18" test_neg_count="6" test_log_pvalue="-1.97385" test_pvalue="1.1e-002" test_dtc="-1.0" test_bernoulli="-1" is_palindromic="yes" elapsed_time="111.6">
      <pos A="0.0374868" C="0.110013" G="0.00879417" T="0.843706"/>
      <pos A="0.0109618" C="0.684677" G="0.234309" T="0.070052"/>
      <pos A="0.981297" C="0.0033001" G="0.00896139" T="0.00644157"/>
      <pos A="0.00901779" C="0.91681" G="0.00195532" T="0.0722166"/>
      <pos A="0.0722166" C="0.00195532" G="0.91681" T="0.00901779"/>
      <pos A="0.00644157" C="0.00896139" G="0.0033001" T="0.981297"/>
      <pos A="0.070052" C="0.234309" G="0.684677" T="0.0109618"/>
      <pos A="0.843706" C="0.00879417" G="0.110013" T="0.0374868"/>
    </motif>
    <motif id="13-GGTTCGA" alt="STREME-13" width="7" initial_width="7" seed="GGTTCGA" score_threshold="15.0077" train_pos_count="61" train_neg_count="20" train_log_pvalue="-5.58519" train_pvalue="2.6e-006" train_dtc="-1.0" train_bernoulli="-1" test_pos_count="6" test_neg_count="0" test_log_pvalue="-1.81208" test_pvalue="1.5e-002" test_dtc="-1.0" test_bernoulli="-1" is_palindromic="no" elapsed_time="164.7">
      <pos A="0.0203" C="0.0251545" G="0.934245" T="0.0203"/>
      <pos A="0.0203" C="0.0251545" G="0.934245" T="0.0203"/>
      <pos A="0.0203" C="0.0251545" G="0.0251545" T="0.929391"/>
      <pos A="0.0203" C="0.0251545" G="0.0251545" T="0.929391"/>
      <pos A="0.0203" C="0.934245" G="0.0251545" T="0.0203"/>
      <pos A="0.0203" C="0.0251545" G="0.934245" T="0.0203"/>
      <pos A="0.929391" C="0.0251545" G="0.0251545" T="0.0203"/>
    </motif>
    <motif id="14-ATGGCATTTGTAA" alt="STREME-14" width="13" initial_width="13" seed="ATGGCATTTGTAA" score_threshold="15.5005" train_pos_count="57" train_neg_count="0" train_log_pvalue="-17.2285" train_pvalue="5.9e-018" train_dtc="-1.0" train_bernoulli="-1" test_pos_count="7" test_neg_count="1" test_log_pvalue="-1.46012" test_pvalue="3.5e-002" test_dtc="-1.0" test_bernoulli="-1" is_palindromic="no" elapsed_time="121.5">
      <pos A="0.916443" C="0.0169971" G="0.0660333" T="0.000526548"/>
      <pos A="0.000526548" C="0.0169971" G="0.0169971" T="0.965479"/>
      <pos A="0.0495628" C="0.000652467" G="0.949258" T="0.000526548"/>
      <pos A="0.0495604" C="0.0169971" G="0.932916" T="0.000526548"/>
      <pos A="0.000526548" C="0.932916" G="0.000652467" T="0.0659051"/>
      <pos A="0.900101" C="0.0169971" G="0.0496864" T="0.0332158"/>
      <pos A="0.0495675" C="0.0496887" G="0.0333417" T="0.867402"/>
      <pos A="0.000526548" C="0.115072" G="0.0169971" T="0.867404"/>
      <pos A="0.000526548" C="0.0169971" G="0.0823827" T="0.900094"/>
      <pos A="0.0495604" C="0.000652467" G="0.916571" T="0.0332158"/>
      <pos A="0.000526548" C="0.000652467" G="0.000652467" T="0.998169"/>
      <pos A="0.916445" C="0.0169971" G="0.0333417" T="0.0332158"/>
      <pos A="0.949135" C="0.0333417" G="0.0169971" T="0.000526548"/>
    </motif>
    <motif id="15-GRTGAC" alt="STREME-15" width="6" initial_width="6" seed="GGTGAC" score_threshold="6.90073" train_pos_count="1030" train_neg_count="821" train_log_pvalue="-7.38192" train_pvalue="4.2e-008" train_dtc="-1.0" train_bernoulli="-1" test_pos_count="113" test_neg_count="89" test_log_pvalue="-1.43535" test_pvalue="3.7e-002" test_dtc="-1.0" test_bernoulli="-1" is_palindromic="no" elapsed_time="147.7">
      <pos A="0.000891107" C="0.0562929" G="0.941925" T="0.000891107"/>
      <pos A="0.566667" C="0.00110421" G="0.431337" T="0.000891107"/>
      <pos A="0.000891107" C="0.00110421" G="0.00110421" T="0.9969"/>
      <pos A="0.287719" C="0.00110421" G="0.602732" T="0.108445"/>
      <pos A="0.9969" C="0.00110421" G="0.00110421" T="0.000891107"/>
      <pos A="0.000891107" C="0.997114" G="0.00110421" T="0.000891107"/>
    </motif>
    <motif id="16-CCTCCTCC" alt="STREME-16" width="8" initial_width="8" seed="CCTCCTCC" score_threshold="10.5029" train_pos_count="150" train_neg_count="74" train_log_pvalue="-6.8037" train_pvalue="1.6e-007" train_dtc="-1.0" train_bernoulli="-1" test_pos_count="16" test_neg_count="7" test_log_pvalue="-1.34791" test_pvalue="4.5e-002" test_dtc="-1.0" test_bernoulli="-1" is_palindromic="no" elapsed_time="156.3">
      <pos A="0.0203" C="0.934245" G="0.0251545" T="0.0203"/>
      <pos A="0.0203" C="0.934245" G="0.0251545" T="0.0203"/>
      <pos A="0.0203" C="0.0251545" G="0.0251545" T="0.929391"/>
      <pos A="0.0203" C="0.934245" G="0.0251545" T="0.0203"/>
      <pos A="0.0203" C="0.934245" G="0.0251545" T="0.0203"/>
      <pos A="0.0203" C="0.0251545" G="0.0251545" T="0.929391"/>
      <pos A="0.0203" C="0.934245" G="0.0251545" T="0.0203"/>
      <pos A="0.0203" C="0.934245" G="0.0251545" T="0.0203"/>
    </motif>
    <motif id="17-CTAACTACAA" alt="STREME-17" width="10" initial_width="10" seed="CTAACTACAA" score_threshold="14.4347" train_pos_count="57" train_neg_count="0" train_log_pvalue="-17.2285" train_pvalue="5.9e-018" train_dtc="-1.0" train_bernoulli="-1" test_pos_count="2" test_neg_count="0" test_log_pvalue="-0.602452" test_pvalue="2.5e-001" test_dtc="-1.0" test_bernoulli="-1" is_palindromic="no" elapsed_time="173.3">
      <pos A="0.000573313" C="0.980347" G="0.0185067" T="0.000573313"/>
      <pos A="0.0183696" C="0.000710416" G="0.0185067" T="0.962413"/>
      <pos A="0.998006" C="0.000710416" G="0.000710416" T="0.000573313"/>
      <pos A="0.98021" C="0.0185067" G="0.000710416" T="0.000573313"/>
      <pos A="0.000573313" C="0.980347" G="0.0185067" T="0.000573313"/>
      <pos A="0.160832" C="0.125338" G="0.0185067" T="0.695323"/>
      <pos A="0.962411" C="0.000710416" G="0.0363055" T="0.000573313"/>
      <pos A="0.000573313" C="0.891327" G="0.000710416" T="0.107389"/>
      <pos A="0.998006" C="0.000710416" G="0.000710416" T="0.000573313"/>
      <pos A="0.944614" C="0.0363055" G="0.0185067" T="0.000573313"/>
    </motif>
    <motif id="18-CTTTCTGGCTGC" alt="STREME-18" width="12" initial_width="12" seed="CTTTCTGGCTGC" score_threshold="13.8172" train_pos_count="52" train_neg_count="1" train_log_pvalue="-14.2779" train_pvalue="5.3e-015" train_dtc="-1.0" train_bernoulli="-1" test_pos_count="3" test_neg_count="1" test_log_pvalue="-0.505621" test_pvalue="3.1e-001" test_dtc="-1.0" test_bernoulli="-1" is_palindromic="no" elapsed_time="182.8">
      <pos A="0.02169" C="0.913746" G="0.000838828" T="0.0637252"/>
      <pos A="0.000676944" C="0.0218519" G="0.000838828" T="0.976632"/>
      <pos A="0.0427031" C="0.042868" G="0.000838828" T="0.91359"/>
      <pos A="0.000676944" C="0.0218519" G="0.000838828" T="0.976632"/>
      <pos A="0.000676944" C="0.913749" G="0.042868" T="0.0427061"/>
      <pos A="0.02169" C="0.0515963" G="0.000838828" T="0.925875"/>
      <pos A="0.000676944" C="0.0218519" G="0.976794" T="0.000676944"/>
      <pos A="0.02169" C="0.000838828" G="0.892724" T="0.0847474"/>
      <pos A="0.000676944" C="0.934759" G="0.000838828" T="0.0637252"/>
      <pos A="0.02169" C="0.000838828" G="0.000838828" T="0.976632"/>
      <pos A="0.02169" C="0.000838828" G="0.955781" T="0.02169"/>
      <pos A="0.000676944" C="0.997807" G="0.000838828" T="0.000676944"/>
    </motif>
    <motif id="19-CAAGATGGCGGC" alt="STREME-19" width="12" initial_width="12" seed="CAAGATGGCGGC" score_threshold="16.1368" train_pos_count="49" train_neg_count="0" train_log_pvalue="-14.8018" train_pvalue="1.6e-015" train_dtc="-1.0" train_bernoulli="-1" test_pos_count="1" test_neg_count="0" test_log_pvalue="-0.30103" test_pvalue="5.0e-001" test_dtc="-1.0" test_bernoulli="-1" is_palindromic="no" elapsed_time="191.8">
      <pos A="0.0758757" C="0.809879" G="0.0948258" T="0.0194194"/>
      <pos A="0.997892" C="0.000751016" G="0.000751016" T="0.000606079"/>
      <pos A="0.922622" C="0.000751016" G="0.0760206" T="0.000606079"/>
      <pos A="0.000606079" C="0.3018" G="0.659362" T="0.0382327"/>
      <pos A="0.997892" C="0.000751016" G="0.000751016" T="0.000606079"/>
      <pos A="0.000606079" C="0.000751016" G="0.000751016" T="0.997892"/>
      <pos A="0.000606079" C="0.000751016" G="0.998037" T="0.000606079"/>
      <pos A="0.000606079" C="0.000751016" G="0.998037" T="0.000606079"/>
      <pos A="0.0382327" C="0.941597" G="0.000751016" T="0.0194194"/>
      <pos A="0.0570542" C="0.0383777" G="0.753426" T="0.151143"/>
      <pos A="0.0946727" C="0.000751016" G="0.885157" T="0.0194194"/>
      <pos A="0.0382327" C="0.847522" G="0.0948258" T="0.0194194"/>
    </motif>
  </motifs>
  <reason_for_stopping>Stopped because 3 consecutive motifs exceeded the p-value threshold (0.05).</reason_for_stopping>
  <run_time cpu="192.10"/>
</STREME>
