<?xml version="1.0" encoding="UTF-8" standalone="no"?>
<!-- Begin document body -->
<fimo version="5.3.3" release="Sun Feb 7 15:39:52 2021 -0800">
  xmlns:xsi="http://www.w3.org/2001/XMLSchema-instance"
  xsi:schemaLocation=  xmlns:fimo="http://noble.gs.washington.edu/schema/fimo"
>
<command-line>fimo --parse-genomic-coord --verbosity 1 --oc fimo_out_6 --bgfile ./background --motif 9-CACTTCCGG streme_out/streme.xml ./Peaks_for_motif_detection.fa</command-line>
<settings>
<setting name="output directory">fimo_out_6</setting>
<setting name="MEME file name">streme_out/streme.xml</setting>
<setting name="sequence file name">./Peaks_for_motif_detection.fa</setting>
<setting name="background file name">./background</setting>
<setting name="allow clobber">true</setting>
<setting name="compute q-values">true</setting>
<setting name="parse genomic coord.">true</setting>
<setting name="text only">false</setting>
<setting name="scan both strands">true</setting>
<setting name="output threshold">0.0001</setting>
<setting name="threshold type">p-value</setting>
<setting name="max stored scores">100000</setting>
<setting name="pseudocount">0.1</setting>
<setting name="verbosity">1</setting>
<setting name="selected motif">9-CACTTCCGG</setting>
</settings>
<sequence-data num-sequences="5552" num-residues="1110400" />
<alphabet name="DNA" like="dna">
<letter id="A" symbol="A" complement="T" name="Adenine" colour="CC0000"/>
<letter id="C" symbol="C" complement="G" name="Cytosine" colour="0000CC"/>
<letter id="G" symbol="G" complement="C" name="Guanine" colour="FFB300"/>
<letter id="T" symbol="T" aliases="U" complement="A" name="Thymine" colour="008000"/>
<letter id="N" symbol="N" aliases="X." equals="ACGT" name="Any base"/>
<letter id="V" symbol="V" equals="ACG" name="Not T"/>
<letter id="H" symbol="H" equals="ACT" name="Not G"/>
<letter id="D" symbol="D" equals="AGT" name="Not C"/>
<letter id="B" symbol="B" equals="CGT" name="Not A"/>
<letter id="M" symbol="M" equals="AC" name="Amino"/>
<letter id="R" symbol="R" equals="AG" name="Purine"/>
<letter id="W" symbol="W" equals="AT" name="Weak"/>
<letter id="S" symbol="S" equals="CG" name="Strong"/>
<letter id="Y" symbol="Y" equals="CT" name="Pyrimidine"/>
<letter id="K" symbol="K" equals="GT" name="Keto"/>
</alphabet>
<motif name="1-SATTTCCNGGAAATS" alt="STREME-1" width="15" best-possible-match="CATTTCCTGGAAATG"/>
<motif name="2-CCACCAGRKGGCRS" alt="STREME-2" width="14" best-possible-match="CCACCAGGGGGCGC"/>
<motif name="3-TATATGGTCTAAAARGGGG" alt="STREME-3" width="19" best-possible-match="TATATGGTCTAAAAAGGGG"/>
<motif name="4-AGATAAGVV" alt="STREME-4" width="9" best-possible-match="AGATAAGAA"/>
<motif name="5-ATGAMTCAKC" alt="STREME-5" width="10" best-possible-match="ATGACTCAGC"/>
<motif name="6-CCCCGCCCCC" alt="STREME-6" width="10" best-possible-match="CCCCGCCCCC"/>
<motif name="7-ACTACAWYTCCCAGVA" alt="STREME-7" width="16" best-possible-match="ACTACAACTCCCAGCA"/>
<motif name="8-GCGCMKGCGC" alt="STREME-8" width="10" best-possible-match="GCGCATGCGC"/>
<motif name="9-CACTTCCGG" alt="STREME-9" width="9" best-possible-match="CACTTCCGG"/>
<motif name="10-GTAACTTCCKGAYRTTG" alt="STREME-10" width="17" best-possible-match="GTAACTTCCTGACGTTG"/>
<motif name="11-AGGRWYCCT" alt="STREME-11" width="9" best-possible-match="AGGGTCCCT"/>
<motif name="12-TCACGTGA" alt="STREME-12" width="8" best-possible-match="TCACGTGA"/>
<motif name="13-GGTTCGA" alt="STREME-13" width="7" best-possible-match="GGTTCGA"/>
<motif name="14-ATGGCATTTGTAA" alt="STREME-14" width="13" best-possible-match="ATGGCATTTGTAA"/>
<motif name="15-GRTGAC" alt="STREME-15" width="6" best-possible-match="GATGAC"/>
<motif name="16-CCTCCTCC" alt="STREME-16" width="8" best-possible-match="CCTCCTCC"/>
<motif name="17-CTAACTACAA" alt="STREME-17" width="10" best-possible-match="CTAACTACAA"/>
<motif name="18-CTTTCTGGCTGC" alt="STREME-18" width="12" best-possible-match="CTTTCTGGCTGC"/>
<motif name="19-CAAGATGGCGGC" alt="STREME-19" width="12" best-possible-match="CAAGATGGCGGC"/>
<background source="./background">
<value letter="A">0.226</value>
<value letter="C">0.274</value>
<value letter="G">0.274</value>
<value letter="T">0.226</value>
</background>
<cisml-file>cisml.xml</cisml-file>
</fimo>
