<?xml version='1.0' encoding='UTF-8' standalone='yes'?>
<tomtom version="5.3.3" release="Sun Feb 7 15:39:52 2021 -0800">
  <model>
    <command_line>tomtom -verbosity 1 -oc meme_tomtom_out -min-overlap 5 -dist pearson -evalue -thresh 1 -no-ssc meme_out/meme.xml db/HUMAN/HOCOMOCOv11_full_HUMAN_mono_meme_format.meme</command_line>
    <distance_measure value="pearson"/>
    <threshold type="evalue">1</threshold>
    <alphabet name="DNA" like="dna">
      <letter id="A" symbol="A" complement="T" name="Adenine" colour="CC0000"/>
      <letter id="C" symbol="C" complement="G" name="Cytosine" colour="0000CC"/>
      <letter id="G" symbol="G" complement="C" name="Guanine" colour="FFB300"/>
      <letter id="T" symbol="T" aliases="U" complement="A" name="Thymine" colour="008000"/>
      <letter id="N" symbol="N" aliases="X." equals="ACGT" name="Any base"/>
      <letter id="V" symbol="V" equals="ACG" name="Not T"/>
      <letter id="H" symbol="H" equals="ACT" name="Not G"/>
      <letter id="D" symbol="D" equals="AGT" name="Not C"/>
      <letter id="B" symbol="B" equals="CGT" name="Not A"/>
      <letter id="M" symbol="M" equals="AC" name="Amino"/>
      <letter id="R" symbol="R" equals="AG" name="Purine"/>
      <letter id="W" symbol="W" equals="AT" name="Weak"/>
      <letter id="S" symbol="S" equals="CG" name="Strong"/>
      <letter id="Y" symbol="Y" equals="CT" name="Pyrimidine"/>
      <letter id="K" symbol="K" equals="GT" name="Keto"/>
    </alphabet>
    <strands>both</strands>
    <background from="--query--" A="0.226" C="0.274" G="0.274" T="0.226"/>
    <host>noble-meme.grid.gs.washington.edu</host>
    <when>Wed Mar 10 18:22:18 2021</when>
  </model>
  <query_dbs>
    <db source="meme_out/meme.xml" name="meme.xml" loaded="5" excluded="0" last_mod_date="Wed Mar 10 18:18:35 2021"/>
  </query_dbs>
  <target_dbs>
    <db source="db/HUMAN/HOCOMOCOv11_full_HUMAN_mono_meme_format.meme" name="HOCOMOCOv11_full_HUMAN_mono_meme_format" loaded="769" excluded="0" last_mod_date="Mon Dec 14 11:53:07 2020"/>
  </target_dbs>
  <queries>
    <motif db="0" id="RSYGCCMYCTRGTGGCCR" alt="MEME-3" length="18" nsites="678" evalue="1.4e-129">
      <pos A="0.386407" C="0.0973711" G="0.390838" T="0.125384"/>
      <pos A="0.0457496" C="0.328901" G="0.558955" T="0.0663955"/>
      <pos A="0.00298289" C="0.600247" G="4.0407e-05" T="0.39673"/>
      <pos A="0.0899911" C="4.0407e-05" G="0.830301" T="0.0796676"/>
      <pos A="0.0442748" C="0.91436" G="0.016262" T="0.0251036"/>
      <pos A="0.00445768" C="0.995469" G="4.0407e-05" T="3.33284e-05"/>
      <pos A="0.355438" C="0.601722" G="0.016262" T="0.0265784"/>
      <pos A="3.33284e-05" C="0.569278" G="4.0407e-05" T="0.430648"/>
      <pos A="0.00445768" C="0.995469" G="4.0407e-05" T="3.33284e-05"/>
      <pos A="0.0280532" C="0.0649278" G="0.0147872" T="0.892232"/>
      <pos A="0.294975" C="0.0811494" G="0.504391" T="0.119485"/>
      <pos A="0.0206793" C="0.290558" G="0.651861" T="0.0369009"/>
      <pos A="0.0649208" C="0.171106" G="0.0236359" T="0.740337"/>
      <pos A="3.33284e-05" C="0.0088891" G="0.977772" T="0.0133054"/>
      <pos A="0.0428" C="0.0472314" G="0.833251" T="0.076718"/>
      <pos A="0.119485" C="0.53241" G="0.101795" T="0.24631"/>
      <pos A="0.165201" C="0.474896" G="0.163733" T="0.196169"/>
      <pos A="0.451294" C="0.122441" G="0.327426" T="0.0988388"/>
    </motif>
    <motif db="0" id="SSTMASTTCYGGRAATTGCC" alt="MEME-4" length="20" nsites="163" evalue="4.1e-086">
      <pos A="0.036926" C="0.496796" G="0.349647" T="0.116631"/>
      <pos A="0.036926" C="0.551976" G="0.398696" T="0.012401"/>
      <pos A="0.000138565" C="0.0553491" G="0.0246929" T="0.919819"/>
      <pos A="0.380273" C="0.564239" G="0.0124305" T="0.0430572"/>
      <pos A="0.956607" C="0.000167995" G="0.0430867" T="0.000138565"/>
      <pos A="0.0430572" C="0.398696" G="0.496796" T="0.061451"/>
      <pos A="0.000138565" C="0.00629923" G="0.000167995" T="0.993394"/>
      <pos A="0.000138565" C="0.000167995" G="0.0185617" T="0.981132"/>
      <pos A="0.012401" C="0.944374" G="0.0124305" T="0.0307948"/>
      <pos A="0.0185323" C="0.625551" G="0.000167995" T="0.355748"/>
      <pos A="0.220862" C="0.0185617" G="0.551976" T="0.2086"/>
      <pos A="0.0430572" C="0.000167995" G="0.944374" T="0.012401"/>
      <pos A="0.380273" C="0.000167995" G="0.601026" T="0.0185323"/>
      <pos A="0.619391" C="0.233154" G="0.0124305" T="0.135025"/>
      <pos A="0.791064" C="0.000167995" G="0.208629" T="0.000138565"/>
      <pos A="0.0737134" C="0.0430867" G="0.000167995" T="0.883033"/>
      <pos A="0.012401" C="0.00629923" G="0.000167995" T="0.981132"/>
      <pos A="0.012401" C="0.0982678" G="0.876931" T="0.012401"/>
      <pos A="0.000138565" C="0.919849" G="0.0185617" T="0.061451"/>
      <pos A="0.000138565" C="0.932111" G="0.000167995" T="0.0675822"/>
    </motif>
    <motif db="0" id="TCCCCYTTTTAGACCATA" alt="MEME-2" length="18" nsites="183" evalue="9.3e-127">
      <pos A="0.00012343" C="0.202225" G="0.00561066" T="0.792041"/>
      <pos A="0.120277" C="0.726529" G="0.0165337" T="0.136661"/>
      <pos A="0.0110465" C="0.934065" G="0.0219957" T="0.0328925"/>
      <pos A="0.0110465" C="0.863066" G="0.000149645" T="0.125738"/>
      <pos A="0.0165075" C="0.868527" G="0.00561066" T="0.109354"/>
      <pos A="0.0165075" C="0.415224" G="0.0329187" T="0.53535"/>
      <pos A="0.00012343" C="0.0274567" G="0.00561066" T="0.966808"/>
      <pos A="0.0110465" C="0.0329187" G="0.00561066" T="0.950424"/>
      <pos A="0.0274305" C="0.0219957" G="0.120303" T="0.830271"/>
      <pos A="0.00012343" C="0.0929949" G="0.000149645" T="0.906732"/>
      <pos A="0.852117" C="0.000149645" G="0.000149645" T="0.147584"/>
      <pos A="0.0165075" C="0.00561066" G="0.830297" T="0.147584"/>
      <pos A="0.966808" C="0.000149645" G="0.0329187" T="0.00012343"/>
      <pos A="0.00012343" C="0.830297" G="0.131226" T="0.0383535"/>
      <pos A="0.0274305" C="0.868527" G="0.000149645" T="0.103892"/>
      <pos A="0.923116" C="0.0274567" G="0.0329187" T="0.0165075"/>
      <pos A="0.00558445" C="0.0711488" G="0.000149645" T="0.923116"/>
      <pos A="0.923116" C="0.0274567" G="0.0493028" T="0.00012343"/>
    </motif>
    <motif db="0" id="TGCTTGTAGTTAGAAGAGAA" alt="MEME-5" length="20" nsites="43" evalue="8.4e-044">
      <pos A="0.000524362" C="0.0470398" G="0.000635731" T="0.9518"/>
      <pos A="0.0469284" C="0.000635731" G="0.905508" T="0.0469284"/>
      <pos A="0.000524362" C="0.951911" G="0.0238378" T="0.0237264"/>
      <pos A="0.0237264" C="0.0238378" G="0.000635731" T="0.9518"/>
      <pos A="0.000524362" C="0.0238378" G="0.0238378" T="0.9518"/>
      <pos A="0.139736" C="0.000635731" G="0.859104" T="0.000524362"/>
      <pos A="0.000524362" C="0.0238378" G="0.000635731" T="0.975002"/>
      <pos A="0.69658" C="0.000635731" G="0.0702409" T="0.232543"/>
      <pos A="0.000524362" C="0.000635731" G="0.998316" T="0.000524362"/>
      <pos A="0.000524362" C="0.000635731" G="0.000635731" T="0.998204"/>
      <pos A="0.000524362" C="0.000635731" G="0.000635731" T="0.998204"/>
      <pos A="0.998204" C="0.000635731" G="0.000635731" T="0.000524362"/>
      <pos A="0.000524362" C="0.000635731" G="0.975114" T="0.0237264"/>
      <pos A="0.9518" C="0.0238378" G="0.000635731" T="0.0237264"/>
      <pos A="0.998204" C="0.000635731" G="0.000635731" T="0.000524362"/>
      <pos A="0.0469284" C="0.000635731" G="0.951911" T="0.000524362"/>
      <pos A="0.975002" C="0.000635731" G="0.000635731" T="0.0237264"/>
      <pos A="0.0469284" C="0.000635731" G="0.905508" T="0.0469284"/>
      <pos A="0.998204" C="0.000635731" G="0.000635731" T="0.000524362"/>
      <pos A="0.975002" C="0.0238378" G="0.000635731" T="0.000524362"/>
    </motif>
    <motif db="0" id="TTTCCRGGAAA" alt="MEME-1" length="11" nsites="1498" evalue="2.5e-309">
      <pos A="0.102144" C="0.241658" G="0.150208" T="0.505989"/>
      <pos A="1.50858e-05" C="0.0313912" G="1.82898e-05" T="0.968575"/>
      <pos A="1.50858e-05" C="1.82898e-05" G="0.0327261" T="0.967241"/>
      <pos A="0.11149" C="0.871122" G="0.0173731" T="1.50858e-05"/>
      <pos A="0.0747761" C="0.614797" G="0.0280534" T="0.282373"/>
      <pos A="0.539365" C="1.82898e-05" G="0.457932" T="0.00268491"/>
      <pos A="0.141528" C="1.82898e-05" G="0.858439" T="1.50858e-05"/>
      <pos A="1.50858e-05" C="1.82898e-05" G="0.941878" T="0.0580882"/>
      <pos A="0.999948" C="1.82898e-05" G="1.82898e-05" T="1.50858e-05"/>
      <pos A="0.999948" C="1.82898e-05" G="1.82898e-05" T="1.50858e-05"/>
      <pos A="0.518672" C="0.10682" G="0.253673" T="0.120835"/>
    </motif>
  </queries>
  <targets>
    <motif db="0" id="BCL6_HUMAN.H11MO.0.A" length="13" nsites="500" evalue="1.0e+000"
        url="http://hocomoco.autosome.ru/motif/BCL6_HUMAN.H11MO.0.A">
      <pos A="0.160013" C="0.256004" G="0.190017" T="0.393966"/>
      <pos A="0.172011" C="0.12603" G="0.413972" T="0.287988"/>
      <pos A="0.144016" C="0.637927" G="0.138027" T="0.0800292"/>
      <pos A="0.0940264" C="0.22401" G="0.0160516" T="0.665912"/>
      <pos A="0.0380376" C="0.190017" G="0.112032" T="0.659913"/>
      <pos A="0.016042" C="0.0420464" G="0.0260496" T="0.915862"/>
      <pos A="0.00604399" C="0.829889" G="0.0200508" T="0.144016"/>
      <pos A="0.0240404" C="0.433968" G="0.094036" T="0.447956"/>
      <pos A="0.969851" C="0.014052" G="0.0160516" T="4.5191e-05"/>
      <pos A="0.172011" C="0.00205439" G="0.7719" T="0.0540344"/>
      <pos A="0.02604" C="0.0700408" G="0.839887" T="0.0640324"/>
      <pos A="0.835878" C="0.044046" G="0.084038" T="0.036038"/>
      <pos A="0.819881" C="0.054044" G="0.07404" T="0.0520348"/>
    </motif>
    <motif db="0" id="CTCFL_HUMAN.H11MO.0.A" length="17" nsites="450" evalue="1.0e+000"
        url="http://hocomoco.autosome.ru/motif/CTCFL_HUMAN.H11MO.0.A">
      <pos A="0.16668" C="0.182243" G="0.442185" T="0.208893"/>
      <pos A="0.0444848" C="0.833209" G="0.0733779" T="0.0489282"/>
      <pos A="0.017824" C="0.942074" G="0.0267216" T="0.0133806"/>
      <pos A="0.339975" C="0.0689345" G="0.373311" T="0.21778"/>
      <pos A="0.124467" C="0.446628" G="0.417746" T="0.0111589"/>
      <pos A="0.142241" C="0.511058" G="0.0911517" T="0.255549"/>
      <pos A="0.87319" C="0.0444954" G="0.0311651" T="0.05115"/>
      <pos A="0.00893713" C="0.0111695" G="0.977621" T="0.00227194"/>
      <pos A="0.23111" C="6.08753e-05" G="0.755449" T="0.0133806"/>
      <pos A="0.0800324" C="0.0911517" G="0.733231" T="0.0955845"/>
      <pos A="0.00893713" C="0.0022826" G="0.982065" T="0.0067154"/>
      <pos A="0.0111589" C="0.0133912" G="0.935409" T="0.0400413"/>
      <pos A="0.0822542" C="0.897639" G="0.00450433" T="0.0156023"/>
      <pos A="0.211114" C="0.00450433" G="0.768779" T="0.0156023"/>
      <pos A="0.0289327" C="0.706571" G="0.206682" T="0.0578152"/>
      <pos A="0.12891" C="0.408859" G="0.0778214" T="0.384409"/>
      <pos A="0.264436" C="0.262225" G="0.379976" T="0.0933628"/>
    </motif>
    <motif db="0" id="CTCF_HUMAN.H11MO.0.A" length="19" nsites="500" evalue="1.0e+000"
        url="http://hocomoco.autosome.ru/motif/CTCF_HUMAN.H11MO.0.A">
      <pos A="0.0940264" C="0.359983" G="0.12603" T="0.419961"/>
      <pos A="0.152015" C="0.168021" G="0.52195" T="0.158014"/>
      <pos A="0.257994" C="0.084038" G="0.553944" T="0.104024"/>
      <pos A="0.0680316" C="0.855884" G="0.0360476" T="0.0400372"/>
      <pos A="0.00204479" C="0.995856" G="0.00205439" T="4.5191e-05"/>
      <pos A="0.699905" C="0.00605359" G="0.242006" T="0.0520348"/>
      <pos A="0.016042" C="0.651924" G="0.32199" T="0.0100432"/>
      <pos A="0.0980256" C="0.593936" G="0.07404" T="0.233998"/>
      <pos A="0.905864" C="0.0180512" G="0.054044" T="0.0220408"/>
      <pos A="0.00204479" C="0.00205439" G="0.991856" T="0.00404439"/>
      <pos A="0.385968" C="5.4789e-05" G="0.611932" T="0.00204479"/>
      <pos A="0.02604" C="0.0260496" G="0.587937" T="0.359973"/>
      <pos A="0.0120428" C="0.00205439" G="0.983858" T="0.00204479"/>
      <pos A="0.0500352" C="0.0260496" G="0.859883" T="0.0640324"/>
      <pos A="0.0680316" C="0.87588" G="0.0120524" T="0.0440364"/>
      <pos A="0.395966" C="0.014052" G="0.583938" T="0.00604399"/>
      <pos A="0.07603" C="0.561942" G="0.32599" T="0.036038"/>
      <pos A="0.096026" C="0.42197" G="0.116032" T="0.365972"/>
      <pos A="0.371971" C="0.268001" G="0.315992" T="0.0440364"/>
    </motif>
    <motif db="0" id="HSF1_HUMAN.H11MO.1.A" length="9" nsites="107" evalue="1.0e+000"
        url="http://hocomoco.autosome.ru/motif/HSF1_HUMAN.H11MO.1.A">
      <pos A="0.0562334" C="0.0936265" G="0.0936265" T="0.756514"/>
      <pos A="0.0562334" C="0.0749524" G="0.102964" T="0.765851"/>
      <pos A="0.0749076" C="0.87794" G="0.01893" T="0.0282222"/>
      <pos A="0.0188852" C="0.01893" G="0.028267" T="0.933918"/>
      <pos A="0.233638" C="0.01893" G="0.747221" T="0.000211018"/>
      <pos A="0.0375593" C="0.000255836" G="0.961974" T="0.000211018"/>
      <pos A="0.859221" C="0.000255836" G="0.130975" T="0.00954809"/>
      <pos A="0.933918" C="0.000255836" G="0.0469412" T="0.0188852"/>
      <pos A="0.420379" C="0.112301" G="0.280368" T="0.186952"/>
    </motif>
    <motif db="0" id="SNAI1_HUMAN.H11MO.0.C" length="8" nsites="5" evalue="1.0e+000"
        url="http://hocomoco.autosome.ru/motif/SNAI1_HUMAN.H11MO.0.C">
      <pos A="0.197008" C="0.478062" G="0.267978" T="0.0569524"/>
      <pos A="0.00443138" C="0.985765" G="0.00537255" T="0.00443138"/>
      <pos A="0.984824" C="0.00537255" G="0.00537255" T="0.00443138"/>
      <pos A="0.00443138" C="0.00537255" G="0.985765" T="0.00443138"/>
      <pos A="0.00443138" C="0.00537255" G="0.985765" T="0.00443138"/>
      <pos A="0.00443138" C="0.00537255" G="0.00537255" T="0.984824"/>
      <pos A="0.00443138" C="0.00537255" G="0.985765" T="0.00443138"/>
      <pos A="0.0569524" C="0.19795" G="0.478062" T="0.267036"/>
    </motif>
    <motif db="0" id="SRF_HUMAN.H11MO.0.A" length="18" nsites="131" evalue="1.0e+000"
        url="http://hocomoco.autosome.ru/motif/SRF_HUMAN.H11MO.0.A">
      <pos A="0.129844" C="0.206159" G="0.0917422" T="0.572255"/>
      <pos A="0.122217" C="0.190903" G="0.106998" T="0.579883"/>
      <pos A="0.1451" C="0.152764" G="0.396853" T="0.305283"/>
      <pos A="0.0306834" C="0.923169" G="0.0154645" T="0.0306834"/>
      <pos A="0.000172388" C="0.938424" G="0.00783677" T="0.0535667"/>
      <pos A="0.320539" C="0.0764867" G="0.0307201" T="0.572255"/>
      <pos A="0.129844" C="0.0536034" G="0.0307201" T="0.785832"/>
      <pos A="0.602766" C="0.0230923" G="0.0459756" T="0.328166"/>
      <pos A="0.000172388" C="0.00783677" G="0.00783677" T="0.984154"/>
      <pos A="0.526488" C="0.0459756" G="0.000209001" T="0.427327"/>
      <pos A="0.190867" C="0.0230923" G="0.00783677" T="0.778204"/>
      <pos A="0.0535667" C="0.0230923" G="0.923169" T="0.000172388"/>
      <pos A="0.0383112" C="0.00783677" G="0.95368" T="0.000172388"/>
      <pos A="0.106961" C="0.213786" G="0.343458" T="0.335794"/>
      <pos A="0.160355" C="0.587547" G="0.152764" T="0.0993333"/>
      <pos A="0.488349" C="0.0764867" G="0.0917422" T="0.343422"/>
      <pos A="0.167983" C="0.152764" G="0.213786" T="0.465466"/>
      <pos A="0.312911" C="0.114625" G="0.320575" T="0.251889"/>
    </motif>
    <motif db="0" id="STA5A_HUMAN.H11MO.0.A" length="10" nsites="500" evalue="1.0e+000"
        url="http://hocomoco.autosome.ru/motif/STA5A_HUMAN.H11MO.0.A">
      <pos A="0.00804359" C="0.0380472" G="0.00405399" T="0.949855"/>
      <pos A="0.0680316" C="0.0220504" G="0.00605359" T="0.903864"/>
      <pos A="0.0100432" C="0.985858" G="0.00205439" T="0.00204479"/>
      <pos A="0.0500352" C="0.441966" G="0.0120524" T="0.495946"/>
      <pos A="0.657914" C="5.4789e-05" G="0.341986" T="4.5191e-05"/>
      <pos A="0.387968" C="0.00405399" G="0.587937" T="0.0200412"/>
      <pos A="0.00404439" C="0.00205439" G="0.985858" T="0.00804359"/>
      <pos A="0.945856" C="5.4789e-05" G="0.0180512" T="0.036038"/>
      <pos A="0.961853" C="0.00605359" G="0.0300488" T="0.00204479"/>
      <pos A="0.421961" C="0.17202" G="0.230009" T="0.17601"/>
    </motif>
    <motif db="0" id="STA5B_HUMAN.H11MO.0.A" length="12" nsites="500" evalue="1.0e+000"
        url="http://hocomoco.autosome.ru/motif/STA5B_HUMAN.H11MO.0.A">
      <pos A="0.156014" C="0.238007" G="0.156024" T="0.449955"/>
      <pos A="0.00804359" C="0.0260496" G="0.00805319" T="0.957854"/>
      <pos A="0.0580336" C="0.0160516" G="0.0120524" T="0.913862"/>
      <pos A="0.0100432" C="0.955864" G="0.00605359" T="0.0280396"/>
      <pos A="0.07603" C="0.315992" G="0.014052" T="0.593926"/>
      <pos A="4.5191e-05" C="5.4789e-05" G="0.42397" T="0.57593"/>
      <pos A="0.469951" C="0.0180512" G="0.411972" T="0.100025"/>
      <pos A="0.0200412" C="0.00405399" G="0.937867" T="0.0380376"/>
      <pos A="0.849875" C="0.034048" G="0.0200508" T="0.096026"/>
      <pos A="0.969851" C="0.00205439" G="0.0260496" T="0.00204479"/>
      <pos A="0.445956" C="0.146026" G="0.194016" T="0.214002"/>
      <pos A="0.190007" C="0.254004" G="0.140027" T="0.415962"/>
    </motif>
    <motif db="0" id="STAT1_HUMAN.H11MO.0.A" length="19" nsites="500" evalue="1.0e+000"
        url="http://hocomoco.autosome.ru/motif/STAT1_HUMAN.H11MO.0.A">
      <pos A="0.202005" C="0.427969" G="0.120031" T="0.249995"/>
      <pos A="0.0940264" C="0.567941" G="0.170021" T="0.168012"/>
      <pos A="0.132019" C="0.555944" G="0.110033" T="0.202005"/>
      <pos A="0.293986" C="0.355984" G="0.204014" T="0.146016"/>
      <pos A="0.086028" C="0.206014" G="0.100035" T="0.607924"/>
      <pos A="0.00204479" C="0.0160516" G="0.00405399" T="0.97785"/>
      <pos A="0.00804359" C="0.00605359" G="0.0120524" T="0.97385"/>
      <pos A="0.0300392" C="0.963862" G="0.00205439" T="0.00404439"/>
      <pos A="0.0380376" C="0.82189" G="0.00205439" T="0.138018"/>
      <pos A="0.233998" C="0.303994" G="0.142026" T="0.319981"/>
      <pos A="0.267992" C="0.0260496" G="0.681918" T="0.0240404"/>
      <pos A="0.0320388" C="0.014052" G="0.803894" T="0.150015"/>
      <pos A="0.943856" C="0.0380472" G="0.0100528" T="0.00804359"/>
      <pos A="0.987848" C="0.00205439" G="0.00405399" T="0.00604399"/>
      <pos A="0.579929" C="0.106034" G="0.232008" T="0.0820288"/>
      <pos A="0.27399" C="0.196016" G="0.110033" T="0.419961"/>
      <pos A="0.0580336" C="0.587937" G="0.248005" T="0.106024"/>
      <pos A="0.341977" C="0.262002" G="0.0680412" T="0.32798"/>
      <pos A="0.134018" C="0.533948" G="0.138027" T="0.194006"/>
    </motif>
    <motif db="0" id="STAT3_HUMAN.H11MO.0.A" length="12" nsites="500" evalue="1.0e+000"
        url="http://hocomoco.autosome.ru/motif/STAT3_HUMAN.H11MO.0.A">
      <pos A="0.168012" C="0.42397" G="0.228009" T="0.180009"/>
      <pos A="0.451955" C="0.192016" G="0.196016" T="0.160013"/>
      <pos A="0.114022" C="0.339987" G="0.104034" T="0.441957"/>
      <pos A="0.0240404" C="0.00605359" G="0.00205439" T="0.967852"/>
      <pos A="0.0140424" C="0.00205439" G="0.0800388" T="0.903864"/>
      <pos A="0.086028" C="0.887877" G="0.00605359" T="0.0200412"/>
      <pos A="0.00204479" C="0.869881" G="5.4789e-05" T="0.12802"/>
      <pos A="0.447956" C="0.551944" G="5.4789e-05" T="4.5191e-05"/>
      <pos A="0.347976" C="0.0160516" G="0.613932" T="0.0220408"/>
      <pos A="0.0520348" C="0.0120524" G="0.731908" T="0.204004"/>
      <pos A="0.789887" C="0.17202" G="0.00405399" T="0.0340384"/>
      <pos A="0.903864" C="0.034048" G="0.0260496" T="0.036038"/>
    </motif>
    <motif db="0" id="STAT4_HUMAN.H11MO.0.A" length="11" nsites="500" evalue="1.0e+000"
        url="http://hocomoco.autosome.ru/motif/STAT4_HUMAN.H11MO.0.A">
      <pos A="0.0520348" C="0.351984" G="0.0380472" T="0.557934"/>
      <pos A="4.5191e-05" C="0.0120524" G="0.00205439" T="0.985848"/>
      <pos A="0.00204479" C="0.0100528" G="0.0100528" T="0.97785"/>
      <pos A="0.0200412" C="0.941866" G="0.00405399" T="0.0340384"/>
      <pos A="0.00804359" C="0.551944" G="0.0120524" T="0.42796"/>
      <pos A="0.0120428" C="0.357983" G="0.178019" T="0.451955"/>
      <pos A="0.283988" C="0.108033" G="0.449965" T="0.158014"/>
      <pos A="0.066032" C="0.106034" G="0.579939" T="0.247996"/>
      <pos A="0.641917" C="0.329989" G="0.00605359" T="0.0220408"/>
      <pos A="0.955854" C="0.00605359" G="0.0160516" T="0.0220408"/>
      <pos A="0.321981" C="0.188017" G="0.355984" T="0.134018"/>
    </motif>
    <motif db="0" id="STAT6_HUMAN.H11MO.0.B" length="11" nsites="500" evalue="1.0e+000"
        url="http://hocomoco.autosome.ru/motif/STAT6_HUMAN.H11MO.0.B">
      <pos A="0.0140424" C="0.118031" G="0.0720404" T="0.795886"/>
      <pos A="0.0340384" C="0.0380472" G="0.054044" T="0.87387"/>
      <pos A="0.0840284" C="0.867881" G="0.0160516" T="0.0320388"/>
      <pos A="0.184008" C="0.240007" G="0.034048" T="0.541937"/>
      <pos A="0.0780296" C="0.479959" G="0.32399" T="0.118022"/>
      <pos A="0.52594" C="0.180019" G="0.00205439" T="0.291987"/>
      <pos A="0.261993" C="0.0120524" G="0.691916" T="0.0340384"/>
      <pos A="0.0320388" C="0.00605359" G="0.931868" T="0.0300392"/>
      <pos A="0.941857" C="0.0320484" G="0.0180512" T="0.00804359"/>
      <pos A="0.92586" C="0.0100528" G="0.054044" T="0.0100432"/>
      <pos A="0.42396" C="0.208013" G="0.32399" T="0.0440364"/>
    </motif>
  </targets>
  <matches>
    <query idx="4">
      <target idx="8" rc="y" off="4" pv="5.92e-10" ev="4.56e-07" qv="9.03e-07"/>
      <target idx="10" rc="y" off="0" pv="6.61e-08" ev="5.08e-05" qv="3.68e-05"/>
      <target idx="6" rc="n" off="-1" pv="7.25e-08" ev="5.58e-05" qv="3.68e-05"/>
      <target idx="7" rc="y" off="1" pv="5.00e-06" ev="3.84e-03" qv="1.90e-03"/>
      <target idx="0" rc="n" off="3" pv="7.32e-06" ev="5.63e-03" qv="2.23e-03"/>
      <target idx="9" rc="y" off="-1" pv="2.66e-05" ev="2.05e-02" qv="5.80e-03"/>
      <target idx="3" rc="y" off="0" pv="2.83e-04" ev="2.18e-01" qv="3.59e-02"/>
      <target idx="11" rc="n" off="0" pv="8.41e-04" ev="6.47e-01" qv="9.14e-02"/>
    </query>
    <query idx="2">
      <target idx="5" rc="n" off="0" pv="1.05e-03" ev="8.08e-01" qv="1.00e+00"/>
    </query>
    <query idx="0">
      <target idx="2" rc="y" off="1" pv="3.69e-25" ev="2.84e-22" qv="5.65e-22"/>
      <target idx="1" rc="y" off="1" pv="5.60e-10" ev="4.31e-07" qv="4.29e-07"/>
      <target idx="4" rc="y" off="-4" pv="5.82e-04" ev="4.48e-01" qv="2.97e-01"/>
    </query>
    <query idx="1">
      <target idx="9" rc="y" off="-6" pv="6.37e-06" ev="4.90e-03" qv="9.76e-03"/>
      <target idx="3" rc="n" off="-6" pv="3.35e-04" ev="2.58e-01" qv="2.57e-01"/>
      <target idx="6" rc="n" off="-6" pv="7.83e-04" ev="6.02e-01" qv="3.08e-01"/>
    </query>
  </matches>
  <runtime cycles="12251260" seconds="12.251"/>
</tomtom>
