<?xml version="1.0" encoding="UTF-8" standalone="no"?>
<!-- Begin document body -->
<fimo version="5.3.3" release="Sun Feb 7 15:39:52 2021 -0800">
  xmlns:xsi="http://www.w3.org/2001/XMLSchema-instance"
  xsi:schemaLocation=  xmlns:fimo="http://noble.gs.washington.edu/schema/fimo"
>
<command-line>fimo --parse-genomic-coord --verbosity 1 --oc fimo_out_4 --bgfile ./background --motif TGCTTGTAGTTAGAAGAGAA meme_out/meme.xml ./Peaks_for_motif_detection.fa</command-line>
<settings>
<setting name="output directory">fimo_out_4</setting>
<setting name="MEME file name">meme_out/meme.xml</setting>
<setting name="sequence file name">./Peaks_for_motif_detection.fa</setting>
<setting name="background file name">./background</setting>
<setting name="allow clobber">true</setting>
<setting name="compute q-values">true</setting>
<setting name="parse genomic coord.">true</setting>
<setting name="text only">false</setting>
<setting name="scan both strands">true</setting>
<setting name="output threshold">0.0001</setting>
<setting name="threshold type">p-value</setting>
<setting name="max stored scores">100000</setting>
<setting name="pseudocount">0.1</setting>
<setting name="verbosity">1</setting>
<setting name="selected motif">TGCTTGTAGTTAGAAGAGAA</setting>
</settings>
<sequence-data num-sequences="5552" num-residues="1110400" />
<alphabet name="DNA" like="dna">
<letter id="A" symbol="A" complement="T" name="Adenine" colour="CC0000"/>
<letter id="C" symbol="C" complement="G" name="Cytosine" colour="0000CC"/>
<letter id="G" symbol="G" complement="C" name="Guanine" colour="FFB300"/>
<letter id="T" symbol="T" aliases="U" complement="A" name="Thymine" colour="008000"/>
<letter id="N" symbol="N" aliases="X." equals="ACGT" name="Any base"/>
<letter id="V" symbol="V" equals="ACG" name="Not T"/>
<letter id="H" symbol="H" equals="ACT" name="Not G"/>
<letter id="D" symbol="D" equals="AGT" name="Not C"/>
<letter id="B" symbol="B" equals="CGT" name="Not A"/>
<letter id="M" symbol="M" equals="AC" name="Amino"/>
<letter id="R" symbol="R" equals="AG" name="Purine"/>
<letter id="W" symbol="W" equals="AT" name="Weak"/>
<letter id="S" symbol="S" equals="CG" name="Strong"/>
<letter id="Y" symbol="Y" equals="CT" name="Pyrimidine"/>
<letter id="K" symbol="K" equals="GT" name="Keto"/>
</alphabet>
<motif name="TTTCCRGGAAA" alt="MEME-1" width="11" best-possible-match="TTTCCAGGAAA"/>
<motif name="TCCCCYTTTTAGACCATA" alt="MEME-2" width="18" best-possible-match="TCCCCTTTTTAGACCATA"/>
<motif name="RSYGCCMYCTRGTGGCCR" alt="MEME-3" width="18" best-possible-match="GGCGCCCCCTGGTGGCCA"/>
<motif name="SSTMASTTCYGGRAATTGCC" alt="MEME-4" width="20" best-possible-match="CCTCAGTTCCGGGAATTGCC"/>
<motif name="TGCTTGTAGTTAGAAGAGAA" alt="MEME-5" width="20" best-possible-match="TGCTTGTAGTTAGAAGAGAA"/>
<background source="./background">
<value letter="A">0.226</value>
<value letter="C">0.274</value>
<value letter="G">0.274</value>
<value letter="T">0.226</value>
</background>
<cisml-file>cisml.xml</cisml-file>
</fimo>
