MOTIF_INDEX	MOTIF_SOURCE	MOTIF_ID	ALT_ID	CONSENSUS	WIDTH	SITES	E-VALUE	E-VALUE_SOURCE	MOST_SIMILAR_MOTIF_SOURCE	MOST_SIMILAR_MOTIF	URL
1	MEME	TTTCCRGGAAA	MEME-1	TTTCCRGGAAA	11	1498	2.5e-309	MEME	db/HUMAN/HOCOMOCOv11_full_HUMAN_mono_meme_format.meme	STAT1_HUMAN.H11MO.0.A	http://hocomoco.autosome.ru/motif/STAT1_HUMAN.H11MO.0.A
2	MEME	RSYGCCMYCTRGTGGCCR	MEME-3	RSYGCCMYCTRGTGGCCR	18	678	1.4e-129	MEME	db/HUMAN/HOCOMOCOv11_full_HUMAN_mono_meme_format.meme	CTCF_HUMAN.H11MO.0.A	http://hocomoco.autosome.ru/motif/CTCF_HUMAN.H11MO.0.A
3	MEME	TCCCCYTTTTAGACCATA	MEME-2	TCCCCYTTTTAGACCATA	18	183	9.3e-127	MEME	db/HUMAN/HOCOMOCOv11_full_HUMAN_mono_meme_format.meme	SRF_HUMAN.H11MO.0.A	http://hocomoco.autosome.ru/motif/SRF_HUMAN.H11MO.0.A
4	MEME	SSTMASTTCYGGRAATTGCC	MEME-4	SSTMASTTCYGGRAATTGCC	20	163	4.1e-086	MEME	db/HUMAN/HOCOMOCOv11_full_HUMAN_mono_meme_format.meme	STAT3_HUMAN.H11MO.0.A	http://hocomoco.autosome.ru/motif/STAT3_HUMAN.H11MO.0.A
5	STREME	1-SATTTCCNGGAAATS	STREME-1	SATTTCCNGGAAATS	15	1228	6.4e-086	STREME	db/HUMAN/HOCOMOCOv11_full_HUMAN_mono_meme_format.meme	STAT1_HUMAN.H11MO.0.A	http://hocomoco.autosome.ru/motif/STAT1_HUMAN.H11MO.0.A
6	db/HUMAN/HOCOMOCOv11_full_HUMAN_mono_meme_format.meme	STAT1_HUMAN.H11MO.0.A	 	YCCVTTTCCHGGAAAWCHC	19	2916	7.8e-079	CENTRIMO	 	 	http://hocomoco.autosome.ru/motif/STAT1_HUMAN.H11MO.0.A
7	db/HUMAN/HOCOMOCOv11_full_HUMAN_mono_meme_format.meme	STAT3_HUMAN.H11MO.0.A	 	SAYTTCCMRGAA	12	3816	7.6e-068	CENTRIMO	 	 	http://hocomoco.autosome.ru/motif/STAT3_HUMAN.H11MO.0.A
8	db/HUMAN/HOCOMOCOv11_full_HUMAN_mono_meme_format.meme	STA5A_HUMAN.H11MO.0.A	 	TTCYRRGAAR	10	3098	5.3e-066	CENTRIMO	 	 	http://hocomoco.autosome.ru/motif/STA5A_HUMAN.H11MO.0.A
9	db/HUMAN/HOCOMOCOv11_full_HUMAN_mono_meme_format.meme	STA5B_HUMAN.H11MO.0.A	 	YTTCYKRGAAAY	12	3524	1.3e-053	CENTRIMO	 	 	http://hocomoco.autosome.ru/motif/STA5B_HUMAN.H11MO.0.A
10	db/HUMAN/HOCOMOCOv11_full_HUMAN_mono_meme_format.meme	STAT4_HUMAN.H11MO.0.A	 	YTTCYYRGMAV	11	4224	1.3e-052	CENTRIMO	 	 	http://hocomoco.autosome.ru/motif/STAT4_HUMAN.H11MO.0.A
11	MEME	TGCTTGTAGTTAGAAGAGAA	MEME-5	TGCTTGTAGTTAGAAGAGAA	20	43	8.4e-044	MEME	 	 	 
12	db/HUMAN/HOCOMOCOv11_full_HUMAN_mono_meme_format.meme	BCL6_HUMAN.H11MO.0.A	 	YKCTTTCYAGGAA	13	3988	6.9e-033	CENTRIMO	 	 	http://hocomoco.autosome.ru/motif/BCL6_HUMAN.H11MO.0.A
13	STREME	2-CCACCAGRKGGCRS	STREME-2	CCACCAGRKGGCRS	14	644	1.1e-024	STREME	db/HUMAN/HOCOMOCOv11_full_HUMAN_mono_meme_format.meme	CTCF_HUMAN.H11MO.0.A	http://hocomoco.autosome.ru/motif/CTCF_HUMAN.H11MO.0.A
14	db/HUMAN/HOCOMOCOv11_full_HUMAN_mono_meme_format.meme	CTCF_HUMAN.H11MO.0.A	 	YGGCCACCAGRKGGCRSYV	19	1857	6.1e-023	CENTRIMO	 	 	http://hocomoco.autosome.ru/motif/CTCF_HUMAN.H11MO.0.A
15	db/HUMAN/HOCOMOCOv11_full_HUMAN_mono_meme_format.meme	HSF1_HUMAN.H11MO.1.A	 	TTCTGGAAR	9	4339	7.7e-023	CENTRIMO	 	 	http://hocomoco.autosome.ru/motif/HSF1_HUMAN.H11MO.1.A
16	db/HUMAN/HOCOMOCOv11_full_HUMAN_mono_meme_format.meme	SPDEF_HUMAN.H11MO.0.D	 	RWCCMGGAWGWAGT	14	3302	2.1e-019	CENTRIMO	 	 	http://hocomoco.autosome.ru/motif/SPDEF_HUMAN.H11MO.0.D
17	db/HUMAN/HOCOMOCOv11_full_HUMAN_mono_meme_format.meme	ELF1_HUMAN.H11MO.0.A	 	VRACCCGGAAGTGS	14	3516	4.1e-019	CENTRIMO	 	 	http://hocomoco.autosome.ru/motif/ELF1_HUMAN.H11MO.0.A
18	db/HUMAN/HOCOMOCOv11_full_HUMAN_mono_meme_format.meme	EHF_HUMAN.H11MO.0.B	 	VWACSAGGAAGTDVS	15	2740	3.3e-017	CENTRIMO	 	 	http://hocomoco.autosome.ru/motif/EHF_HUMAN.H11MO.0.B
19	db/HUMAN/HOCOMOCOv11_full_HUMAN_mono_meme_format.meme	STAT6_HUMAN.H11MO.0.B	 	TTCTSWGGAAR	11	4020	5.7e-017	CENTRIMO	 	 	http://hocomoco.autosome.ru/motif/STAT6_HUMAN.H11MO.0.B
20	db/HUMAN/HOCOMOCOv11_full_HUMAN_mono_meme_format.meme	ELK4_HUMAN.H11MO.0.A	 	SVCCGGAAGTGV	12	3180	7.1e-017	CENTRIMO	 	 	http://hocomoco.autosome.ru/motif/ELK4_HUMAN.H11MO.0.A
21	db/HUMAN/HOCOMOCOv11_full_HUMAN_mono_meme_format.meme	ELK3_HUMAN.H11MO.0.D	 	VMCHGGAARTSC	12	2462	4.1e-016	CENTRIMO	 	 	http://hocomoco.autosome.ru/motif/ELK3_HUMAN.H11MO.0.D
22	db/HUMAN/HOCOMOCOv11_full_HUMAN_mono_meme_format.meme	CTCFL_HUMAN.H11MO.0.A	 	GCCDSYAGGGGGCGCYV	17	2474	5.7e-016	CENTRIMO	 	 	http://hocomoco.autosome.ru/motif/CTCFL_HUMAN.H11MO.0.A
23	db/HUMAN/HOCOMOCOv11_full_HUMAN_mono_meme_format.meme	ELK1_HUMAN.H11MO.0.B	 	RCCGGAAGTGV	11	3243	3.7e-015	CENTRIMO	 	 	http://hocomoco.autosome.ru/motif/ELK1_HUMAN.H11MO.0.B
24	db/HUMAN/HOCOMOCOv11_full_HUMAN_mono_meme_format.meme	PO3F3_HUMAN.H11MO.0.D	 	WWWAWTTATGCWWATTW	17	2499	4.9e-015	CENTRIMO	 	 	http://hocomoco.autosome.ru/motif/PO3F3_HUMAN.H11MO.0.D
25	db/HUMAN/HOCOMOCOv11_full_HUMAN_mono_meme_format.meme	ELF2_HUMAN.H11MO.0.C	 	RAVCCGGAAGTGR	13	4044	1.2e-014	CENTRIMO	 	 	http://hocomoco.autosome.ru/motif/ELF2_HUMAN.H11MO.0.C
26	db/HUMAN/HOCOMOCOv11_full_HUMAN_mono_meme_format.meme	FEV_HUMAN.H11MO.0.B	 	GCVGGAAGYG	10	5407	1.6e-013	CENTRIMO	 	 	http://hocomoco.autosome.ru/motif/FEV_HUMAN.H11MO.0.B
27	db/HUMAN/HOCOMOCOv11_full_HUMAN_mono_meme_format.meme	HXC10_HUMAN.H11MO.0.D	 	WWWWWWWNNWTTTWATKRC	19	2371	3.5e-013	CENTRIMO	 	 	http://hocomoco.autosome.ru/motif/HXC10_HUMAN.H11MO.0.D
28	db/HUMAN/HOCOMOCOv11_full_HUMAN_mono_meme_format.meme	ETV1_HUMAN.H11MO.0.A	 	SRCCGGAAGYG	11	3630	4.5e-013	CENTRIMO	 	 	http://hocomoco.autosome.ru/motif/ETV1_HUMAN.H11MO.0.A
29	STREME	3-TATATGGTCTAAAARGGGG	STREME-3	TATATGGTCTAAAARGGGG	19	205	9.6e-013	STREME	 	 	 
30	db/HUMAN/HOCOMOCOv11_full_HUMAN_mono_meme_format.meme	ZNF76_HUMAN.H11MO.0.C	 	RRKGCMTKCTGGGARWTGTAGT	22	2120	1.6e-012	CENTRIMO	 	 	http://hocomoco.autosome.ru/motif/ZNF76_HUMAN.H11MO.0.C
31	db/HUMAN/HOCOMOCOv11_full_HUMAN_mono_meme_format.meme	DLX6_HUMAN.H11MO.0.D	 	WWWWWDNNNTAATTA	15	1738	2.5e-012	CENTRIMO	 	 	http://hocomoco.autosome.ru/motif/DLX6_HUMAN.H11MO.0.D
32	db/HUMAN/HOCOMOCOv11_full_HUMAN_mono_meme_format.meme	ETV7_HUMAN.H11MO.0.D	 	VAGGAAR	7	5134	3.1e-012	CENTRIMO	 	 	http://hocomoco.autosome.ru/motif/ETV7_HUMAN.H11MO.0.D
33	db/HUMAN/HOCOMOCOv11_full_HUMAN_mono_meme_format.meme	MSX1_HUMAN.H11MO.0.D	 	TAATTGSWWKTTAATTGS	18	778	1.9e-010	CENTRIMO	 	 	http://hocomoco.autosome.ru/motif/MSX1_HUMAN.H11MO.0.D
34	db/HUMAN/HOCOMOCOv11_full_HUMAN_mono_meme_format.meme	NFKB1_HUMAN.H11MO.1.B	 	GGGAAAKYCCC	11	2547	6.2e-010	CENTRIMO	 	 	http://hocomoco.autosome.ru/motif/NFKB1_HUMAN.H11MO.1.B
35	db/HUMAN/HOCOMOCOv11_full_HUMAN_mono_meme_format.meme	ZEP1_HUMAN.H11MO.0.D	 	TGGGAAATCCCB	12	1526	5.5e-009	CENTRIMO	 	 	http://hocomoco.autosome.ru/motif/ZEP1_HUMAN.H11MO.0.D
36	db/HUMAN/HOCOMOCOv11_full_HUMAN_mono_meme_format.meme	ELF3_HUMAN.H11MO.0.A	 	RAABVAGGAAGTRR	14	3265	6.7e-009	CENTRIMO	 	 	http://hocomoco.autosome.ru/motif/ELF3_HUMAN.H11MO.0.A
37	STREME	4-AGATAAGVV	STREME-4	AGATAAGVV	9	649	1.9e-007	STREME	db/HUMAN/HOCOMOCOv11_full_HUMAN_mono_meme_format.meme	GATA1_HUMAN.H11MO.1.A	http://hocomoco.autosome.ru/motif/GATA1_HUMAN.H11MO.1.A
38	STREME	9-CACTTCCGG	STREME-9	CACTTCCGG	9	249	4.9e-007	STREME	db/HUMAN/HOCOMOCOv11_full_HUMAN_mono_meme_format.meme	ELK1_HUMAN.H11MO.0.B	http://hocomoco.autosome.ru/motif/ELK1_HUMAN.H11MO.0.B
39	db/HUMAN/HOCOMOCOv11_full_HUMAN_mono_meme_format.meme	HMGA1_HUMAN.H11MO.0.D	 	NWATTTT	7	3917	7.0e-007	CENTRIMO	 	 	http://hocomoco.autosome.ru/motif/HMGA1_HUMAN.H11MO.0.D
40	db/HUMAN/HOCOMOCOv11_full_HUMAN_mono_meme_format.meme	GSX1_HUMAN.H11MO.0.D	 	TAATTAGNDDTTAAT	15	2780	8.8e-007	CENTRIMO	 	 	http://hocomoco.autosome.ru/motif/GSX1_HUMAN.H11MO.0.D
41	db/HUMAN/HOCOMOCOv11_full_HUMAN_mono_meme_format.meme	ANDR_HUMAN.H11MO.0.A	 	TGTTCTTKKYTGTTTRYW	18	2585	1.2e-006	CENTRIMO	 	 	http://hocomoco.autosome.ru/motif/ANDR_HUMAN.H11MO.0.A
42	STREME	5-ATGAMTCAKC	STREME-5	ATGAMTCAKC	10	296	4.1e-006	STREME	db/HUMAN/HOCOMOCOv11_full_HUMAN_mono_meme_format.meme	NFE2_HUMAN.H11MO.0.A	http://hocomoco.autosome.ru/motif/NFE2_HUMAN.H11MO.0.A
43	db/HUMAN/HOCOMOCOv11_full_HUMAN_mono_meme_format.meme	GSX2_HUMAN.H11MO.0.D	 	YTAATTRSHWWTTAAT	16	2111	4.2e-006	CENTRIMO	 	 	http://hocomoco.autosome.ru/motif/GSX2_HUMAN.H11MO.0.D
44	db/HUMAN/HOCOMOCOv11_full_HUMAN_mono_meme_format.meme	PO3F4_HUMAN.H11MO.0.D	 	TMATTTGCATAATTWAW	17	1009	7.5e-006	CENTRIMO	 	 	http://hocomoco.autosome.ru/motif/PO3F4_HUMAN.H11MO.0.D
45	db/HUMAN/HOCOMOCOv11_full_HUMAN_mono_meme_format.meme	MECP2_HUMAN.H11MO.0.C	 	SCCGGRR	7	2199	8.7e-006	CENTRIMO	 	 	http://hocomoco.autosome.ru/motif/MECP2_HUMAN.H11MO.0.C
46	STREME	6-CCCCGCCCCC	STREME-6	CCCCGCCCCC	10	522	1.2e-005	STREME	db/HUMAN/HOCOMOCOv11_full_HUMAN_mono_meme_format.meme	SP1_HUMAN.H11MO.1.A	http://hocomoco.autosome.ru/motif/SP1_HUMAN.H11MO.1.A
47	db/HUMAN/HOCOMOCOv11_full_HUMAN_mono_meme_format.meme	LMX1A_HUMAN.H11MO.0.D	 	TAATTAATTWKKTWATTWW	19	604	1.2e-005	CENTRIMO	 	 	http://hocomoco.autosome.ru/motif/LMX1A_HUMAN.H11MO.0.D
48	db/HUMAN/HOCOMOCOv11_full_HUMAN_mono_meme_format.meme	NKX61_HUMAN.H11MO.0.B	 	GAYWAATKRSHWWTTAATK	19	2226	1.6e-005	CENTRIMO	 	 	http://hocomoco.autosome.ru/motif/NKX61_HUMAN.H11MO.0.B
49	db/HUMAN/HOCOMOCOv11_full_HUMAN_mono_meme_format.meme	GABPA_HUMAN.H11MO.0.A	 	GVVRCCGGAAGTGV	14	3230	2.5e-005	CENTRIMO	 	 	http://hocomoco.autosome.ru/motif/GABPA_HUMAN.H11MO.0.A
50	STREME	7-ACTACAWYTCCCAGVA	STREME-7	ACTACAWYTCCCAGVA	16	153	5.6e-005	STREME	db/HUMAN/HOCOMOCOv11_full_HUMAN_mono_meme_format.meme	THA11_HUMAN.H11MO.0.B	http://hocomoco.autosome.ru/motif/THA11_HUMAN.H11MO.0.B
51	db/HUMAN/HOCOMOCOv11_full_HUMAN_mono_meme_format.meme	GBX2_HUMAN.H11MO.0.D	 	BTAATTRSYBHHWWWWW	17	1494	5.7e-005	CENTRIMO	 	 	http://hocomoco.autosome.ru/motif/GBX2_HUMAN.H11MO.0.D
52	db/HUMAN/HOCOMOCOv11_full_HUMAN_mono_meme_format.meme	ELF5_HUMAN.H11MO.0.A	 	VGRASSAGGAAGTRV	15	3770	6.3e-005	CENTRIMO	 	 	http://hocomoco.autosome.ru/motif/ELF5_HUMAN.H11MO.0.A
53	db/HUMAN/HOCOMOCOv11_full_HUMAN_mono_meme_format.meme	HXA11_HUMAN.H11MO.0.D	 	TWAADTTTTAYGR	13	2305	7.3e-005	CENTRIMO	 	 	http://hocomoco.autosome.ru/motif/HXA11_HUMAN.H11MO.0.D
54	db/HUMAN/HOCOMOCOv11_full_HUMAN_mono_meme_format.meme	DLX1_HUMAN.H11MO.0.D	 	WWWWWTATGSTAATTA	16	2045	7.7e-005	CENTRIMO	 	 	http://hocomoco.autosome.ru/motif/DLX1_HUMAN.H11MO.0.D
55	db/HUMAN/HOCOMOCOv11_full_HUMAN_mono_meme_format.meme	GBX1_HUMAN.H11MO.0.D	 	BTAATTRRYNHWWWWWW	17	842	9.1e-005	CENTRIMO	 	 	http://hocomoco.autosome.ru/motif/GBX1_HUMAN.H11MO.0.D
56	db/HUMAN/HOCOMOCOv11_full_HUMAN_mono_meme_format.meme	TF65_HUMAN.H11MO.0.A	 	HWGGGRATTTCCMV	14	1953	1.3e-004	CENTRIMO	 	 	http://hocomoco.autosome.ru/motif/TF65_HUMAN.H11MO.0.A
57	db/HUMAN/HOCOMOCOv11_full_HUMAN_mono_meme_format.meme	VSX1_HUMAN.H11MO.0.D	 	TAATTAGCHWWWWW	14	1503	1.7e-004	CENTRIMO	 	 	http://hocomoco.autosome.ru/motif/VSX1_HUMAN.H11MO.0.D
58	db/HUMAN/HOCOMOCOv11_full_HUMAN_mono_meme_format.meme	P5F1B_HUMAN.H11MO.0.D	 	DMATTTGCATATTYAW	16	985	1.8e-004	CENTRIMO	 	 	http://hocomoco.autosome.ru/motif/P5F1B_HUMAN.H11MO.0.D
59	db/HUMAN/HOCOMOCOv11_full_HUMAN_mono_meme_format.meme	NFAC4_HUMAN.H11MO.0.C	 	DGGAAAAYTW	10	3242	1.8e-004	CENTRIMO	 	 	http://hocomoco.autosome.ru/motif/NFAC4_HUMAN.H11MO.0.C
60	db/HUMAN/HOCOMOCOv11_full_HUMAN_mono_meme_format.meme	HXD9_HUMAN.H11MO.0.D	 	ARWTTNATKD	10	1962	2.8e-004	CENTRIMO	 	 	http://hocomoco.autosome.ru/motif/HXD9_HUMAN.H11MO.0.D
61	db/HUMAN/HOCOMOCOv11_full_HUMAN_mono_meme_format.meme	DMBX1_HUMAN.H11MO.0.D	 	YMMTWWWAAYCYAATTAABD	20	1184	3.1e-004	CENTRIMO	 	 	http://hocomoco.autosome.ru/motif/DMBX1_HUMAN.H11MO.0.D
62	STREME	8-GCGCMKGCGC	STREME-8	GCGCMKGCGC	10	86	4.5e-004	STREME	db/HUMAN/HOCOMOCOv11_full_HUMAN_mono_meme_format.meme	NRF1_HUMAN.H11MO.0.A	http://hocomoco.autosome.ru/motif/NRF1_HUMAN.H11MO.0.A
63	db/HUMAN/HOCOMOCOv11_full_HUMAN_mono_meme_format.meme	DLX2_HUMAN.H11MO.0.D	 	ATAATTRB	8	1315	4.7e-004	CENTRIMO	 	 	http://hocomoco.autosome.ru/motif/DLX2_HUMAN.H11MO.0.D
64	db/HUMAN/HOCOMOCOv11_full_HUMAN_mono_meme_format.meme	LMX1B_HUMAN.H11MO.0.D	 	TAATTAAHWRMYTWWWWW	18	1092	6.8e-004	CENTRIMO	 	 	http://hocomoco.autosome.ru/motif/LMX1B_HUMAN.H11MO.0.D
65	db/HUMAN/HOCOMOCOv11_full_HUMAN_mono_meme_format.meme	NFAC2_HUMAN.H11MO.0.B	 	TGGAAAAWY	9	3885	9.5e-004	CENTRIMO	 	 	http://hocomoco.autosome.ru/motif/NFAC2_HUMAN.H11MO.0.B
66	db/HUMAN/HOCOMOCOv11_full_HUMAN_mono_meme_format.meme	BSH_HUMAN.H11MO.0.D	 	TAATKVGTTAATBR	14	2332	1.0e-003	CENTRIMO	 	 	http://hocomoco.autosome.ru/motif/BSH_HUMAN.H11MO.0.D
67	db/HUMAN/HOCOMOCOv11_full_HUMAN_mono_meme_format.meme	HXD12_HUMAN.H11MO.0.D	 	DDTTTTAHKRN	11	3608	1.5e-003	CENTRIMO	 	 	http://hocomoco.autosome.ru/motif/HXD12_HUMAN.H11MO.0.D
68	STREME	10-GTAACTTCCKGAYRTTG	STREME-10	10-GTAACTTCCKGAYRTTG	17	126	1.6e-003	STREME	db/HUMAN/HOCOMOCOv11_full_HUMAN_mono_meme_format.meme	ETV7_HUMAN.H11MO.0.D	http://hocomoco.autosome.ru/motif/ETV7_HUMAN.H11MO.0.D
69	db/HUMAN/HOCOMOCOv11_full_HUMAN_mono_meme_format.meme	HXD11_HUMAN.H11MO.0.D	 	DWTTTATKRHN	11	3612	1.8e-003	CENTRIMO	 	 	http://hocomoco.autosome.ru/motif/HXD11_HUMAN.H11MO.0.D
70	db/HUMAN/HOCOMOCOv11_full_HUMAN_mono_meme_format.meme	NFAC3_HUMAN.H11MO.0.B	 	TGGAAAAHY	9	3526	2.1e-003	CENTRIMO	 	 	http://hocomoco.autosome.ru/motif/NFAC3_HUMAN.H11MO.0.B
71	db/HUMAN/HOCOMOCOv11_full_HUMAN_mono_meme_format.meme	MYCN_HUMAN.H11MO.0.A	 	RGCCACGTGSDS	12	2574	2.6e-003	CENTRIMO	 	 	http://hocomoco.autosome.ru/motif/MYCN_HUMAN.H11MO.0.A
72	db/HUMAN/HOCOMOCOv11_full_HUMAN_mono_meme_format.meme	FOXJ2_HUMAN.H11MO.0.C	 	TGTTTRTTTW	10	1406	3.0e-003	CENTRIMO	 	 	http://hocomoco.autosome.ru/motif/FOXJ2_HUMAN.H11MO.0.C
73	db/HUMAN/HOCOMOCOv11_full_HUMAN_mono_meme_format.meme	ZEP2_HUMAN.H11MO.0.D	 	GGYDGGGWAACCSS	14	4307	3.0e-003	CENTRIMO	 	 	http://hocomoco.autosome.ru/motif/ZEP2_HUMAN.H11MO.0.D
74	STREME	11-AGGRWYCCT	STREME-11	11-AGGRWYCCT	9	127	3.5e-003	STREME	 	 	 
75	db/HUMAN/HOCOMOCOv11_full_HUMAN_mono_meme_format.meme	NFKB2_HUMAN.H11MO.0.B	 	GGGRAAKYCCC	11	2790	4.3e-003	CENTRIMO	 	 	http://hocomoco.autosome.ru/motif/NFKB2_HUMAN.H11MO.0.B
76	db/HUMAN/HOCOMOCOv11_full_HUMAN_mono_meme_format.meme	ZN143_HUMAN.H11MO.0.A	 	DGCMTKCTGGGARWTGTAGTYY	22	1090	4.5e-003	CENTRIMO	 	 	http://hocomoco.autosome.ru/motif/ZN143_HUMAN.H11MO.0.A
77	db/HUMAN/HOCOMOCOv11_full_HUMAN_mono_meme_format.meme	MAX_HUMAN.H11MO.0.A	 	VRGCACGTGG	10	3111	6.6e-003	CENTRIMO	 	 	http://hocomoco.autosome.ru/motif/MAX_HUMAN.H11MO.0.A
78	db/HUMAN/HOCOMOCOv11_full_HUMAN_mono_meme_format.meme	VENTX_HUMAN.H11MO.0.D	 	YVYTAATYGSTTHHHWWTT	19	1786	7.4e-003	CENTRIMO	 	 	http://hocomoco.autosome.ru/motif/VENTX_HUMAN.H11MO.0.D
79	db/HUMAN/HOCOMOCOv11_full_HUMAN_mono_meme_format.meme	MYC_HUMAN.H11MO.0.A	 	RCCACGTGCTB	11	2427	7.8e-003	CENTRIMO	 	 	http://hocomoco.autosome.ru/motif/MYC_HUMAN.H11MO.0.A
80	db/HUMAN/HOCOMOCOv11_full_HUMAN_mono_meme_format.meme	FOXF1_HUMAN.H11MO.0.D	 	WTGTTTATTTW	11	1694	8.4e-003	CENTRIMO	 	 	http://hocomoco.autosome.ru/motif/FOXF1_HUMAN.H11MO.0.D
81	db/HUMAN/HOCOMOCOv11_full_HUMAN_mono_meme_format.meme	HSF1_HUMAN.H11MO.0.A	 	BRGAANSTTCYRGAA	15	1993	8.4e-003	CENTRIMO	 	 	http://hocomoco.autosome.ru/motif/HSF1_HUMAN.H11MO.0.A
82	db/HUMAN/HOCOMOCOv11_full_HUMAN_mono_meme_format.meme	ZN528_HUMAN.H11MO.0.C	 	CCMAGGGAAGYCATTTCTSA	20	974	8.8e-003	CENTRIMO	 	 	http://hocomoco.autosome.ru/motif/ZN528_HUMAN.H11MO.0.C
83	STREME	12-TCACGTGA	STREME-12	12-TCACGTGA	8	193	1.1e-002	STREME	db/HUMAN/HOCOMOCOv11_full_HUMAN_mono_meme_format.meme	TFE3_HUMAN.H11MO.0.B	http://hocomoco.autosome.ru/motif/TFE3_HUMAN.H11MO.0.B
84	db/HUMAN/HOCOMOCOv11_full_HUMAN_mono_meme_format.meme	FOXG1_HUMAN.H11MO.0.D	 	DTTGTTTAYDTWTDTTT	17	2258	1.1e-002	CENTRIMO	 	 	http://hocomoco.autosome.ru/motif/FOXG1_HUMAN.H11MO.0.D
85	db/HUMAN/HOCOMOCOv11_full_HUMAN_mono_meme_format.meme	MNX1_HUMAN.H11MO.0.D	 	MBATTTDHWTHWCYHYTHH	19	3821	1.3e-002	CENTRIMO	 	 	http://hocomoco.autosome.ru/motif/MNX1_HUMAN.H11MO.0.D
86	STREME	13-GGTTCGA	STREME-13	13-GGTTCGA	7	67	1.5e-002	STREME	db/HUMAN/HOCOMOCOv11_full_HUMAN_mono_meme_format.meme	ZN524_HUMAN.H11MO.0.D	http://hocomoco.autosome.ru/motif/ZN524_HUMAN.H11MO.0.D
87	db/HUMAN/HOCOMOCOv11_full_HUMAN_mono_meme_format.meme	LHX9_HUMAN.H11MO.0.D	 	YTAATTAGYNHWWWWWWD	18	685	1.6e-002	CENTRIMO	 	 	http://hocomoco.autosome.ru/motif/LHX9_HUMAN.H11MO.0.D
88	db/HUMAN/HOCOMOCOv11_full_HUMAN_mono_meme_format.meme	BARH2_HUMAN.H11MO.0.D	 	VYTAAWYGNTSHWWWWHR	18	1134	2.1e-002	CENTRIMO	 	 	http://hocomoco.autosome.ru/motif/BARH2_HUMAN.H11MO.0.D
89	db/HUMAN/HOCOMOCOv11_full_HUMAN_mono_meme_format.meme	SOX2_HUMAN.H11MO.1.A	 	BCCWTTGTYATGYWRA	16	3156	2.2e-002	CENTRIMO	 	 	http://hocomoco.autosome.ru/motif/SOX2_HUMAN.H11MO.1.A
90	db/HUMAN/HOCOMOCOv11_full_HUMAN_mono_meme_format.meme	ARI3A_HUMAN.H11MO.0.D	 	RATTAAWBRRWATCAAAWTWWA	22	680	2.6e-002	CENTRIMO	 	 	http://hocomoco.autosome.ru/motif/ARI3A_HUMAN.H11MO.0.D
91	db/HUMAN/HOCOMOCOv11_full_HUMAN_mono_meme_format.meme	FOXJ3_HUMAN.H11MO.1.B	 	TKKTTWWTGTTTA	13	483	2.8e-002	CENTRIMO	 	 	http://hocomoco.autosome.ru/motif/FOXJ3_HUMAN.H11MO.1.B
92	db/HUMAN/HOCOMOCOv11_full_HUMAN_mono_meme_format.meme	TEAD4_HUMAN.H11MO.0.A	 	RCATTCCWGRVAK	13	3473	3.0e-002	CENTRIMO	 	 	http://hocomoco.autosome.ru/motif/TEAD4_HUMAN.H11MO.0.A
93	db/HUMAN/HOCOMOCOv11_full_HUMAN_mono_meme_format.meme	ETV4_HUMAN.H11MO.0.B	 	VRCAGGAARBR	11	4992	3.4e-002	CENTRIMO	 	 	http://hocomoco.autosome.ru/motif/ETV4_HUMAN.H11MO.0.B
94	STREME	14-ATGGCATTTGTAA	STREME-14	14-ATGGCATTTGTAA	13	64	3.5e-002	STREME	 	 	 
95	STREME	15-GRTGAC	STREME-15	15-GRTGAC	6	1143	3.7e-002	STREME	db/HUMAN/HOCOMOCOv11_full_HUMAN_mono_meme_format.meme	CREB3_HUMAN.H11MO.0.D	http://hocomoco.autosome.ru/motif/CREB3_HUMAN.H11MO.0.D
96	STREME	16-CCTCCTCC	STREME-16	16-CCTCCTCC	8	166	4.5e-002	STREME	db/HUMAN/HOCOMOCOv11_full_HUMAN_mono_meme_format.meme	ZN436_HUMAN.H11MO.0.C	http://hocomoco.autosome.ru/motif/ZN436_HUMAN.H11MO.0.C
97	db/HUMAN/HOCOMOCOv11_full_HUMAN_mono_meme_format.meme	MEOX2_HUMAN.H11MO.0.D	 	TTAATKAYBWT	11	2040	4.8e-002	CENTRIMO	 	 	http://hocomoco.autosome.ru/motif/MEOX2_HUMAN.H11MO.0.D

# MEME-ChIP (Motif Analysis of Large Nucleotide Datasets): Version 5.3.3 released on Sun Feb 7 15:39:52 2021 -0800
# The format of this file is described at https://meme-suite.org/meme//doc/meme-chip-output-format.html
# meme-chip -oc . -time 240 -ccut 100 -fdesc description -dna -order 2 -minw 6 -maxw 20 -db db/HUMAN/HOCOMOCOv11_full_HUMAN_mono_meme_format.meme -meme-mod zoops -meme-nmotifs 20 -meme-searchsize 100000 -streme-pvt 0.05 -streme-totallength 4000000 -centrimo-local -centrimo-score 5.0 -centrimo-ethresh 10.0 Peaks_for_motif_detection.fa
